
  [
    {
      "id": 3001,
      "name": "Taco shells",
      "categoryId": 3000,
      "energy": 476,
      "fat": 21.79,
      "saturatedFat": 7.105,
      "monounsaturatedFat": 6.935,
      "polyunsaturatedFat": 5.495,
      "carbs": 63.49,
      "sugar": 1.5,
      "fiber": 6.7,
      "protein": 6.41,
      "sodium": 324,
      "cholesterol": 0,
      "vitaminA": 1,
      "vitaminB1": 0.216,
      "vitaminB2": 0.08,
      "vitaminB3": 1.867,
      "vitaminB5": 0,
      "vitaminB6": 0.203,
      "vitaminB9": 69,
      "vitaminB12": 0,
      "vitaminC": 0,
      "vitaminD": 0,
      "vitaminE": 0.69,
      "vitaminK": 8.6,
      "magnesium": 83,
      "calcium": 100,
      "phosphorus": 233,
      "potassium": 231,
      "iron": 1.64,
      "selenium": 4.8,
      "zinc": 1.61,
      "manganese": 0.56,
      "copper": 0.113,
      "choline": 29.9
    },
    {
      "id": 3002,
      "name": "Flour tortilla",
      "categoryId": 3000,
      "energy": 306,
      "fat": 7.99,
      "saturatedFat": 2.924,
      "monounsaturatedFat": 1.751,
      "polyunsaturatedFat": 2.29,
      "carbs": 49.38,
      "sugar": 3.71,
      "fiber": 3.5,
      "protein": 8.2,
      "sodium": 736,
      "cholesterol": 0,
      "vitaminA": 0,
      "vitaminB1": 0.503,
      "vitaminB2": 0.282,
      "vitaminB3": 4.415,
      "vitaminB5": 0,
      "vitaminB6": 0.059,
      "vitaminB9": 94,
      "vitaminB12": 0,
      "vitaminC": 0,
      "vitaminD": 0,
      "vitaminE": 0,
      "vitaminK": 7.2,
      "magnesium": 22,
      "calcium": 146,
      "phosphorus": 206,
      "potassium": 125,
      "iron": 3.63,
      "selenium": 22.3,
      "zinc": 0.53,
      "manganese": 0,
      "copper": 0.104,
      "choline": 7.9
    },
    {
      "id": 3003,
      "name": "Corn tortilla",
      "categoryId": 3000,
      "energy": 218,
      "fat": 2.85,
      "saturatedFat": 0.453,
      "monounsaturatedFat": 0.692,
      "polyunsaturatedFat": 1.419,
      "carbs": 44.64,
      "sugar": 0.88,
      "fiber": 6.3,
      "protein": 5.7,
      "sodium": 45,
      "cholesterol": 0,
      "vitaminA": 0,
      "vitaminB1": 0.094,
      "vitaminB2": 0.065,
      "vitaminB3": 1.498,
      "vitaminB5": 0,
      "vitaminB6": 0.219,
      "vitaminB9": 5,
      "vitaminB12": 0,
      "vitaminC": 0,
      "vitaminD": 0,
      "vitaminE": 0.28,
      "vitaminK": 0,
      "magnesium": 72,
      "calcium": 81,
      "phosphorus": 314,
      "potassium": 186,
      "iron": 1.23,
      "selenium": 6.1,
      "zinc": 1.31,
      "manganese": 0,
      "copper": 0.154,
      "choline": 13.3
    },
    {
      "id": 3004,
      "name": "Bagel",
      "categoryId": 3000,
      "energy": 264,
      "fat": 1.32,
      "saturatedFat": 0.36,
      "monounsaturatedFat": 0.39,
      "polyunsaturatedFat": 0.526,
      "carbs": 52.38,
      "sugar": 8.43,
      "fiber": 1.6,
      "protein": 10.56,
      "sodium": 422,
      "cholesterol": 0,
      "vitaminA": 0,
      "vitaminB1": 0.568,
      "vitaminB2": 0.344,
      "vitaminB3": 4.515,
      "vitaminB5": 0,
      "vitaminB6": 0.07,
      "vitaminB9": 106,
      "vitaminB12": 0,
      "vitaminC": 0,
      "vitaminD": 0,
      "vitaminE": 0.1,
      "vitaminK": 0.2,
      "magnesium": 29,
      "calcium": 105,
      "phosphorus": 99,
      "potassium": 107,
      "iron": 3.57,
      "selenium": 21.5,
      "zinc": 0.83,
      "manganese": 0,
      "copper": 0.128,
      "choline": 14.6
    },
    {
      "id": 3005,
      "name": "Whole-grain bread",
      "categoryId": 3000,
      "energy": 265,
      "fat": 4.23,
      "saturatedFat": 0.872,
      "monounsaturatedFat": 0.76,
      "polyunsaturatedFat": 1.872,
      "carbs": 43.34,
      "sugar": 6.39,
      "fiber": 7.4,
      "protein": 13.36,
      "sodium": 381,
      "cholesterol": 0,
      "vitaminA": 0,
      "vitaminB1": 0.279,
      "vitaminB2": 0.131,
      "vitaminB3": 4.042,
      "vitaminB5": 0.336,
      "vitaminB6": 0.263,
      "vitaminB9": 75,
      "vitaminB12": 0,
      "vitaminC": 0.1,
      "vitaminD": 0,
      "vitaminE": 0.37,
      "vitaminK": 1.4,
      "magnesium": 78,
      "calcium": 103,
      "phosphorus": 228,
      "potassium": 230,
      "iron": 2.5,
      "selenium": 32.9,
      "zinc": 1.7,
      "manganese": 2.025,
      "copper": 0.282,
      "choline": 22
    },
    {
      "id": 3006,
      "name": "White bread",
      "categoryId": 3000,
      "energy": 270,
      "fat": 3.59,
      "saturatedFat": 0.821,
      "monounsaturatedFat": 0.717,
      "polyunsaturatedFat": 1.87,
      "carbs": 49.2,
      "sugar": 5.34,
      "fiber": 2.3,
      "protein": 9.43,
      "sodium": 477,
      "cholesterol": 0,
      "vitaminA": 0,
      "vitaminB1": 0.507,
      "vitaminB2": 0.24,
      "vitaminB3": 4.76,
      "vitaminB5": 0,
      "vitaminB6": 0.092,
      "vitaminB9": 111,
      "vitaminB12": 0,
      "vitaminC": 0,
      "vitaminD": 0,
      "vitaminE": 0.22,
      "vitaminK": 0.2,
      "magnesium": 27,
      "calcium": 211,
      "phosphorus": 113,
      "potassium": 117,
      "iron": 3.36,
      "selenium": 23.2,
      "zinc": 0.88,
      "manganese": 0,
      "copper": 0.124,
      "choline": 14.6
    },
    {
      "id": 3007,
      "name": "Jumbo Seeded Hamburger Buns",
      "categoryId": 3000,
      "energy": 277,
      "fat": 4.62,
      "saturatedFat": 0.77,
      "monounsaturatedFat": 0.77,
      "polyunsaturatedFat": 1.54,
      "carbs": 50.77,
      "sugar": 4.62,
      "fiber": 1.5,
      "protein": 9.23,
      "sodium": 446,
      "cholesterol": 0,
      "vitaminA": 0,
      "vitaminB1": 0,
      "vitaminB2": 0.308,
      "vitaminB3": 4.154,
      "vitaminB5": 0,
      "vitaminB6": 0,
      "vitaminB9": 0,
      "vitaminB12": 0,
      "vitaminC": 0,
      "vitaminD": 0,
      "vitaminE": 0,
      "vitaminK": 0,
      "magnesium": 0,
      "calcium": 92,
      "phosphorus": 0,
      "potassium": 92,
      "iron": 3.08,
      "selenium": 0,
      "zinc": 0,
      "manganese": 0,
      "copper": 0,
      "choline": 0,
      "url": "https://www.instacart.com/products/18368481-holsum-cotton-s-jumbo-seeded-hamburger-buns-18-2-oz"
    },
    {
      "id": 3008,
      "name": "While-wheat pita",
      "categoryId": 3000,
      "energy": 262,
      "fat": 1.71,
      "saturatedFat": 0.208,
      "monounsaturatedFat": 0.349,
      "polyunsaturatedFat": 1.055,
      "carbs": 55.89,
      "sugar": 2.87,
      "fiber": 6.1,
      "protein": 9.8,
      "sodium": 421,
      "cholesterol": 0,
      "vitaminA": 0,
      "vitaminB1": 0.339,
      "vitaminB2": 0.08,
      "vitaminB3": 2.84,
      "vitaminB5": 0.831,
      "vitaminB6": 0.265,
      "vitaminB9": 35,
      "vitaminB12": 0,
      "vitaminC": 0,
      "vitaminD": 0,
      "vitaminE": 0.61,
      "vitaminK": 1.4,
      "magnesium": 69,
      "calcium": 15,
      "phosphorus": 180,
      "potassium": 170,
      "iron": 3.06,
      "selenium": 44,
      "zinc": 1.52,
      "manganese": 1.74,
      "copper": 0.29,
      "choline": 26.5
    },
    {
      "id": 3009,
      "name": "Saltine crakers",
      "categoryId": 3000,
      "energy": 418,
      "fat": 8.64,
      "saturatedFat": 1.653,
      "monounsaturatedFat": 1.986,
      "polyunsaturatedFat": 4.835,
      "carbs": 74.05,
      "sugar": 1.29,
      "fiber": 2.8,
      "protein": 9.46,
      "sodium": 941,
      "cholesterol": 0,
      "vitaminA": 1,
      "vitaminB1": 0.702,
      "vitaminB2": 0.487,
      "vitaminB3": 6.442,
      "vitaminB5": 0.536,
      "vitaminB6": 0.086,
      "vitaminB9": 134,
      "vitaminB12": 0.09,
      "vitaminC": 0,
      "vitaminD": 0,
      "vitaminE": 1.15,
      "vitaminK": 25.4,
      "magnesium": 23,
      "calcium": 19,
      "phosphorus": 102,
      "potassium": 152,
      "iron": 5.57,
      "selenium": 10.3,
      "zinc": 0.69,
      "manganese": 0.686,
      "copper": 0.139,
      "choline": 16.7,
      "volume": {
        "portionId": "cups",
        "weightInGrams": 45
      }
    },
    {
      "id": 3010,
      "name": "Snyders' Olde Tyme Pretzels",
      "categoryId": 3000,
      "energy": 400,
      "fat": 3.33,
      "saturatedFat": 0,
      "monounsaturatedFat": 3.33,
      "polyunsaturatedFat": 0,
      "carbs": 80,
      "sugar": 3.33,
      "fiber": 3.3,
      "protein": 10,
      "sodium": 400,
      "cholesterol": 0,
      "vitaminA": 0,
      "vitaminB1": 0,
      "vitaminB2": 0.453,
      "vitaminB3": 5.333,
      "vitaminB5": 0,
      "vitaminB6": 0,
      "vitaminB9": 0,
      "vitaminB12": 0,
      "vitaminC": 0,
      "vitaminD": 0,
      "vitaminE": 0,
      "vitaminK": 0,
      "magnesium": 0,
      "calcium": 0,
      "phosphorus": 0,
      "potassium": 0,
      "iron": 3.6,
      "selenium": 0,
      "zinc": 0,
      "manganese": 0,
      "copper": 0,
      "choline": 0,
      "url": "https://www.snydersofhanover.com/olde-tyme"

    },
    {
      "id": 3011,
      "name": "Seasoned breadcrumbs",
      "categoryId": 3000,
      "energy": 383,
      "fat": 5.48,
      "saturatedFat": 1.391,
      "monounsaturatedFat": 1.168,
      "polyunsaturatedFat": 2.3,
      "carbs": 68.49,
      "sugar": 5.74,
      "fiber": 4.9,
      "protein": 14.13,
      "sodium": 2100,
      "cholesterol": 1,
      "vitaminA": 10,
      "vitaminB1": 0.961,
      "vitaminB2": 0.415,
      "vitaminB3": 6.161,
      "vitaminB5": 0.623,
      "vitaminB6": 0.171,
      "vitaminB9": 119,
      "vitaminB12": 0.35,
      "vitaminC": 2.7,
      "vitaminD": 0,
      "vitaminE": 0.26,
      "vitaminK": 46,
      "magnesium": 46,
      "calcium": 182,
      "phosphorus": 177,
      "potassium": 231,
      "iron": 4.92,
      "selenium": 24.7,
      "zinc": 1.43,
      "manganese": 0.984,
      "copper": 0.244,
      "choline": 14.6,
      "volume": {
        "portionId": "cups",
        "weightInGrams": 120
      }
    },
    {
      "id": 3012,
      "name": "English muffins",
      "categoryId": 3000,
      "energy": 245,
      "fat": 1.75,
      "saturatedFat": 0,
      "monounsaturatedFat": 0,
      "polyunsaturatedFat": 0,
      "carbs": 50.17,
      "sugar": 1.75,
      "fiber": 3.5,
      "protein": 7.02,
      "sodium": 386,
      "cholesterol": 0,
      "vitaminA": 0,
      "vitaminB1": 0.263,
      "vitaminB2": 0.179,
      "vitaminB3": 2.105,
      "vitaminB5": 0,
      "vitaminB6": 0.056,
      "vitaminB9": 70,
      "vitaminB12": 0,
      "vitaminC": 0,
      "vitaminD": 0,
      "vitaminE": 0.25,
      "vitaminK": 2.3,
      "magnesium": 33,
      "calcium": 140,
      "phosphorus": 127,
      "potassium": 130,
      "iron": 2.53,
      "selenium": 17.3,
      "zinc": 0.97,
      "manganese": 0,
      "copper": 0.164,
      "choline": 6.5
    },
    {
      "id": 3013,
      "name": "High fiber tortilla",
      "categoryId": 3000,
      "energy": 111,
      "fat": 3.33,
      "saturatedFat": 0,
      "monounsaturatedFat": 0,
      "polyunsaturatedFat": 0,
      "carbs": 35.56,
      "sugar": 0,
      "fiber": 24.4,
      "protein": 8.89,
      "sodium": 689,
      "cholesterol": 0,
      "vitaminA": 0,
      "vitaminB1": 0,
      "vitaminB2": 0,
      "vitaminB3": 0,
      "vitaminB5": 0,
      "vitaminB6": 0,
      "vitaminB9": 0,
      "vitaminB12": 0,
      "vitaminC": 0,
      "vitaminD": 0,
      "vitaminE": 0,
      "vitaminK": 0,
      "magnesium": 0,
      "calcium": 222,
      "phosphorus": 0,
      "potassium": 0,
      "iron": 1.6,
      "selenium": 0,
      "zinc": 0,
      "manganese": 0,
      "copper": 0,
      "choline": 0
    },
    {
      "id": 3014,
      "name": "La Tortilla Low carb tortillas",
      "categoryId": 3000,
      "energy": 167,
      "fat": 5.95,
      "saturatedFat": 2.38,
      "monounsaturatedFat": 0,
      "polyunsaturatedFat": 0,
      "carbs": 35.71,
      "sugar": 2.38,
      "fiber": 21.4,
      "protein": 11.9,
      "sodium": 595,
      "cholesterol": 0,
      "vitaminA": 0,
      "vitaminB1": 0,
      "vitaminB2": 0,
      "vitaminB3": 0,
      "vitaminB5": 0,
      "vitaminB6": 0,
      "vitaminB9": 0,
      "vitaminB12": 0,
      "vitaminC": 0,
      "vitaminD": 0,
      "vitaminE": 0,
      "vitaminK": 0,
      "magnesium": 0,
      "calcium": 102,
      "phosphorus": 0,
      "potassium": 43,
      "iron": 2.38,
      "selenium": 0,
      "zinc": 0,
      "manganese": 0,
      "copper": 0,
      "choline": 0,
      "url": "https://www.latortillafactory.com/product/non-gmo-low-carb-flour-soft-taco-size/"

    },
    {
      "id": 3015,
      "name": "Wheat crackers",
      "categoryId": 3000,
      "energy": 455,
      "fat": 16.4,
      "saturatedFat": 3.21,
      "monounsaturatedFat": 3.47,
      "polyunsaturatedFat": 8.474,
      "carbs": 70.73,
      "sugar": 15.48,
      "fiber": 6.9,
      "protein": 7.3,
      "sodium": 699,
      "cholesterol": 0,
      "vitaminA": 0,
      "vitaminB1": 0.284,
      "vitaminB2": 0.146,
      "vitaminB3": 4.022,
      "vitaminB5": 0.577,
      "vitaminB6": 0.244,
      "vitaminB9": 38,
      "vitaminB12": 0,
      "vitaminC": 0,
      "vitaminD": 0,
      "vitaminE": 1.55,
      "vitaminK": 14.2,
      "magnesium": 72,
      "calcium": 92,
      "phosphorus": 302,
      "potassium": 283,
      "iron": 2.64,
      "selenium": 9.9,
      "zinc": 1.64,
      "manganese": 1.549,
      "copper": 0.274,
      "choline": 27.2
    },
    {
      "id": 3016, 
      "name": "Graham crackers",
      "categoryId": 3000,
      "energy": 430,
      "fat": 10.6,
      "saturatedFat": 1.633,
      "monounsaturatedFat": 2.509,
      "polyunsaturatedFat": 5.388,
      "carbs": 77.66,
      "sugar": 24.85,
      "fiber": 3.4,
      "protein": 6.69,
      "sodium": 516,
      "cholesterol": 0,
      "vitaminA": 0,
      "vitaminB1": 0.265,
      "vitaminB2": 0.317,
      "vitaminB3": 4.439,
      "vitaminB5": 0,
      "vitaminB6": 0.156,
      "vitaminB9": 91,
      "vitaminB12": 0,
      "vitaminC": 0,
      "vitaminD": 0,
      "vitaminE": 1.51,
      "vitaminK": 14.3,
      "magnesium": 40,
      "calcium": 77,
      "phosphorus": 185,
      "potassium": 170,
      "iron": 3.78,
      "selenium": 6.3,
      "zinc": 0.96,
      "manganese": 0,
      "copper": 0.17,
      "choline": 5.9
    }
  ]