[
  {
    "id": 201,
    "name": "70% Lean Ground Beef",
    "categoryId": 200,
    "energy": 332,
    "fat": 30,
    "saturatedFat": 11.754,
    "monounsaturatedFat": 14.171,
    "polyunsaturatedFat": 0.697,
    "carbs": 0,
    "sugar": 0,
    "fiber": 0,
    "protein": 14.35,
    "sodium": 66,
    "cholesterol": 78,
    "vitaminA": 4,
    "vitaminB1": 0.044,
    "vitaminB2": 0.151,
    "vitaminB3": 3.382,
    "vitaminB5": 0.395,
    "vitaminB6": 0.278,
    "vitaminB9": 9,
    "vitaminB12": 2.07,
    "vitaminC": 0,
    "vitaminD": 0.1,
    "vitaminE": 0.17,
    "vitaminK": 2.9,
    "magnesium": 14,
    "calcium": 24,
    "phosphorus": 132,
    "potassium": 218,
    "iron": 1.64,
    "selenium": 13.5,
    "zinc": 3.57,
    "manganese": 0.009,
    "copper": 0.05,
    "choline": 46.8
  },
  {
    "id": 202,
    "name": "75% Lean Ground Beef",
    "categoryId": 200,
    "energy": 293,
    "fat": 25,
    "saturatedFat": 9.568,
    "monounsaturatedFat": 11.383,
    "polyunsaturatedFat": 0.609,
    "carbs": 0,
    "sugar": 0,
    "fiber": 0,
    "protein": 15.76,
    "sodium": 66,
    "cholesterol": 75,
    "vitaminA": 4,
    "vitaminB1": 0.044,
    "vitaminB2": 0.151,
    "vitaminB3": 3.804,
    "vitaminB5": 0.446,
    "vitaminB6": 0.301,
    "vitaminB9": 8,
    "vitaminB12": 2.11,
    "vitaminC": 0,
    "vitaminD": 0.1,
    "vitaminE": 0.17,
    "vitaminK": 2.4,
    "magnesium": 15,
    "calcium": 21,
    "phosphorus": 145,
    "potassium": 244,
    "iron": 1.79,
    "selenium": 14.3,
    "zinc": 3.87,
    "manganese": 0.009,
    "copper": 0.056,
    "choline": 51.6
  },
  {
    "id": 203,
    "name": "80% Lean Ground Beef",
    "categoryId": 200,
    "energy": 254,
    "fat": 20,
    "saturatedFat": 7.581,
    "monounsaturatedFat": 8.848,
    "polyunsaturatedFat": 0.521,
    "carbs": 0,
    "sugar": 0,
    "fiber": 0,
    "protein": 17.17,
    "sodium": 66,
    "cholesterol": 71,
    "vitaminA": 4,
    "vitaminB1": 0.043,
    "vitaminB2": 0.151,
    "vitaminB3": 4.227,
    "vitaminB5": 0.498,
    "vitaminB6": 0.323,
    "vitaminB9": 7,
    "vitaminB12": 2.14,
    "vitaminC": 0,
    "vitaminD": 0.1,
    "vitaminE": 0.17,
    "vitaminK": 1.8,
    "magnesium": 17,
    "calcium": 18,
    "phosphorus": 158,
    "potassium": 270,
    "iron": 1.94,
    "selenium": 15,
    "zinc": 4.18,
    "manganese": 0.01,
    "copper": 0.061,
    "choline": 56.4
  },
  {
    "id": 204,
    "name": "90% Lean Ground Beef",
    "categoryId": 200,
    "energy": 176,
    "fat": 10,
    "saturatedFat": 3.927,
    "monounsaturatedFat": 4.194,
    "polyunsaturatedFat": 0.345,
    "carbs": 0,
    "sugar": 0,
    "fiber": 0,
    "protein": 20,
    "sodium": 66,
    "cholesterol": 65,
    "vitaminA": 4,
    "vitaminB1": 0.042,
    "vitaminB2": 0.151,
    "vitaminB3": 5.072,
    "vitaminB5": 0.601,
    "vitaminB6": 0.369,
    "vitaminB9": 6,
    "vitaminB12": 2.21,
    "vitaminC": 0,
    "vitaminD": 0.1,
    "vitaminE": 0.17,
    "vitaminK": 0.8,
    "magnesium": 20,
    "calcium": 12,
    "phosphorus": 184,
    "potassium": 321,
    "iron": 2.24,
    "selenium": 16.6,
    "zinc": 4.79,
    "manganese": 0.01,
    "copper": 0.072,
    "choline": 66.1
  },
  {
    "id": 205,
    "name": "95% Lean Ground Beef",
    "categoryId": 200,
    "energy": 137,
    "fat": 5,
    "saturatedFat": 2.182,
    "monounsaturatedFat": 1.994,
    "polyunsaturatedFat": 0.257,
    "carbs": 0,
    "sugar": 0,
    "fiber": 0,
    "protein": 21.41,
    "sodium": 66,
    "cholesterol": 62,
    "vitaminA": 4,
    "vitaminB1": 0.041,
    "vitaminB2": 0.151,
    "vitaminB3": 5.494,
    "vitaminB5": 0.652,
    "vitaminB6": 0.392,
    "vitaminB9": 5,
    "vitaminB12": 2.24,
    "vitaminC": 0,
    "vitaminD": 0.1,
    "vitaminE": 0.17,
    "vitaminK": 0.3,
    "magnesium": 22,
    "calcium": 9,
    "phosphorus": 198,
    "potassium": 346,
    "iron": 2.38,
    "selenium": 17.4,
    "zinc": 5.09,
    "manganese": 0.01,
    "copper": 0.078,
    "choline": 70.9
  },
  {
    "id": 206,
    "name": "Jack Link's Original Beef Jerky",
    "categoryId": 200,
    "energy": 278,
    "fat": 2.78,
    "saturatedFat": 0,
    "monounsaturatedFat": 0,
    "polyunsaturatedFat": 0,
    "carbs": 16.67,
    "sugar": 11.11,
    "fiber": 0,
    "protein": 44.44,
    "sodium": 2056,
    "cholesterol": 111,
    "vitaminA": 0,
    "vitaminB1": 0,
    "vitaminB2": 0,
    "vitaminB3": 0,
    "vitaminB5": 0,
    "vitaminB6": 0,
    "vitaminB9": 0,
    "vitaminB12": 0,
    "vitaminC": 0,
    "vitaminD": 0,
    "vitaminE": 0,
    "vitaminK": 0,
    "magnesium": 0,
    "calcium": 0,
    "phosphorus": 0,
    "potassium": 0,
    "iron": 4,
    "selenium": 0,
    "zinc": 0,
    "manganese": 0,
    "copper": 0,
    "choline": 0,
    "url": "https://www.jacklinks.com/shop/original-beef-jerky"
  }
]