[
    {
      "id": 901,
      "name": "Tomatoes",
      "categoryId": 900,
      "energy": 18,
      "fat": 0.2,
      "saturatedFat": 0.028,
      "monounsaturatedFat": 0.031,
      "polyunsaturatedFat": 0.083,
      "carbs": 3.89,
      "sugar": 2.63,
      "fiber": 1.2,
      "protein": 0.88,
      "sodium": 5,
      "cholesterol": 0,
      "vitaminA": 42,
      "vitaminB1": 0.037,
      "vitaminB2": 0.019,
      "vitaminB3": 0.594,
      "vitaminB5": 0,
      "vitaminB6": 0.08,
      "vitaminB9": 15,
      "vitaminB12": 0,
      "vitaminC": 13.7,
      "vitaminD": 0,
      "vitaminE": 0.54,
      "vitaminK": 7.9,
      "magnesium": 11,
      "calcium": 10,
      "phosphorus": 24,
      "potassium": 237,
      "iron": 0.27,
      "selenium": 0,
      "zinc": 0.17,
      "manganese": 0,
      "copper": 0.059,
      "choline": 6.7
    },
    { 
      "id": 902,
      "name": "Lemon Juice",
      "categoryId": 900,
      "energy": 22,
      "fat": 0.24,
      "saturatedFat": 0.04,
      "monounsaturatedFat": 0.006,
      "polyunsaturatedFat": 0.021,
      "carbs": 6.9,
      "sugar": 2.52,
      "fiber": 0.3,
      "protein": 0.35,
      "sodium": 1,
      "cholesterol": 0,
      "vitaminA": 0,
      "vitaminB1": 0.024,
      "vitaminB2": 0.015,
      "vitaminB3": 0.091,
      "vitaminB5": 0.131,
      "vitaminB6": 0.046,
      "vitaminB9": 20,
      "vitaminB12": 0,
      "vitaminC": 38.7,
      "vitaminD": 0,
      "vitaminE": 0.15,
      "vitaminK": 0,
      "magnesium": 6,
      "calcium": 6,
      "phosphorus": 8,
      "potassium": 103,
      "iron": 0.08,
      "selenium": 0.1,
      "zinc": 0.05,
      "manganese": 0.012,
      "copper": 0.016,
      "choline": 5.1,
      "volume": {
        "portionId": "cups",
        "weightInGrams": 244
      }
    },
    {
      "id": 903,
      "name": "Raisins",
      "categoryId": 900,
      "energy": 299,
      "fat": 0.25,
      "saturatedFat": 0.094,
      "monounsaturatedFat": 0.024,
      "polyunsaturatedFat": 0.053,
      "carbs": 79.32,
      "sugar": 65.18,
      "fiber": 4.5,
      "protein": 3.3,
      "sodium": 26,
      "cholesterol": 0,
      "vitaminA": 0,
      "vitaminB1": 0.106,
      "vitaminB2": 0.125,
      "vitaminB3": 0.766,
      "vitaminB5": 0,
      "vitaminB6": 0.174,
      "vitaminB9": 5,
      "vitaminB12": 0,
      "vitaminC": 2.3,
      "vitaminD": 0,
      "vitaminE": 0.12,
      "vitaminK": 3.5,
      "magnesium": 36,
      "calcium": 62,
      "phosphorus": 98,
      "potassium": 744,
      "iron": 1.79,
      "selenium": 0.6,
      "zinc": 0.36,
      "manganese": 0,
      "copper": 0.272,
      "choline": 11.1
    },
    {
      "id": 904,
      "name": "Orange Juice",
      "categoryId": 900,
      "energy": 47,
      "fat": 0.15,
      "saturatedFat": 0.018,
      "monounsaturatedFat": 0.025,
      "polyunsaturatedFat": 0.034,
      "carbs": 11.01,
      "sugar": 8.76,
      "fiber": 0.3,
      "protein": 0.68,
      "sodium": 4,
      "cholesterol": 0,
      "vitaminA": 9,
      "vitaminB1": 0.039,
      "vitaminB2": 0.021,
      "vitaminB3": 0.201,
      "vitaminB5": 0.18,
      "vitaminB6": 0.031,
      "vitaminB9": 24,
      "vitaminB12": 0,
      "vitaminC": 30.1,
      "vitaminD": 0,
      "vitaminE": 0.2,
      "vitaminK": 0.1,
      "magnesium": 10,
      "calcium": 10,
      "phosphorus": 17,
      "potassium": 184,
      "iron": 0.1,
      "selenium": 0.1,
      "zinc": 0.04,
      "manganese": 0.021,
      "copper": 0.022,
      "choline": 6.2,
      "volume": {
        "portionId": "cups",
        "weightInGrams": 249
      }
    },
    {
      "id": 905,
      "name": "Raspberries",
      "categoryId": 900,
      "energy": 52,
      "fat": 0.65,
      "saturatedFat": 0.019,
      "monounsaturatedFat": 0.064,
      "polyunsaturatedFat": 0.375,
      "carbs": 11.94,
      "sugar": 4.42,
      "fiber": 6.5,
      "protein": 1.2,
      "sodium": 1,
      "cholesterol": 0,
      "vitaminA": 2,
      "vitaminB1": 0.032,
      "vitaminB2": 0.038,
      "vitaminB3": 0.598,
      "vitaminB5": 0.329,
      "vitaminB6": 0.055,
      "vitaminB9": 21,
      "vitaminB12": 0,
      "vitaminC": 26.2,
      "vitaminD": 0,
      "vitaminE": 0.87,
      "vitaminK": 7.8,
      "magnesium": 22,
      "calcium": 25,
      "phosphorus": 29,
      "potassium": 151,
      "iron": 0.69,
      "selenium": 0.2,
      "zinc": 0.42,
      "manganese": 0.67,
      "copper": 0.09,
      "choline": 12.3,
      "volume": {
        "portionId": "cups",
        "weightInGrams": 123
      }
    },
    {
      "id": 906,
      "name": "Strawberries",
      "categoryId": 900,
      "energy": 32,
      "fat": 0.3,
      "saturatedFat": 0.015,
      "monounsaturatedFat": 0.043,
      "polyunsaturatedFat": 0.155,
      "carbs": 7.68,
      "sugar": 4.89,
      "fiber": 2,
      "protein": 0.67,
      "sodium": 1,
      "cholesterol": 0,
      "vitaminA": 1,
      "vitaminB1": 0.024,
      "vitaminB2": 0.022,
      "vitaminB3": 0.386,
      "vitaminB5": 0.125,
      "vitaminB6": 0.047,
      "vitaminB9": 24,
      "vitaminB12": 0,
      "vitaminC": 58.8,
      "vitaminD": 0,
      "vitaminE": 0.29,
      "vitaminK": 2.2,
      "magnesium": 13,
      "calcium": 16,
      "phosphorus": 24,
      "potassium": 153,
      "iron": 0.41,
      "selenium": 0.4,
      "zinc": 0.14,
      "manganese": 0.386,
      "copper": 0.048,
      "choline": 5.7,
      "volume": {
        "portionId": "cups",
        "weightInGrams": 232
      }
    },
    {
      "id": 907,
      "name": "Blackberries",
      "categoryId": 900,
      "energy": 43,
      "fat": 0.49,
      "saturatedFat": 0.014,
      "monounsaturatedFat": 0.047,
      "polyunsaturatedFat": 0.28,
      "carbs": 9.61,
      "sugar": 4.88,
      "fiber": 5.3,
      "protein": 1.39,
      "sodium": 1,
      "cholesterol": 0,
      "vitaminA": 11,
      "vitaminB1": 0.02,
      "vitaminB2": 0.026,
      "vitaminB3": 0.646,
      "vitaminB5": 0.276,
      "vitaminB6": 0.03,
      "vitaminB9": 25,
      "vitaminB12": 0,
      "vitaminC": 21,
      "vitaminD": 0,
      "vitaminE": 1.17,
      "vitaminK": 19.8,
      "magnesium": 20,
      "calcium": 29,
      "phosphorus": 22,
      "potassium": 162,
      "iron": 0.62,
      "selenium": 0.4,
      "zinc": 0.53,
      "manganese": 0.646,
      "copper": 0.165,
      "choline": 8.5,
      "volume": {
        "portionId": "cups",
        "weightInGrams": 144
      }
    },
    {
      "id": 908,
      "name": "Bananas",
      "categoryId": 900,
      "energy": 89,
      "fat": 0.33,
      "saturatedFat": 0.112,
      "monounsaturatedFat": 0.032,
      "polyunsaturatedFat": 0.073,
      "carbs": 22.84,
      "sugar": 12.23,
      "fiber": 2.6,
      "protein": 1.09,
      "sodium": 1,
      "cholesterol": 0,
      "vitaminA": 3,
      "vitaminB1": 0.031,
      "vitaminB2": 0.073,
      "vitaminB3": 0.665,
      "vitaminB5": 0.334,
      "vitaminB6": 0.367,
      "vitaminB9": 20,
      "vitaminB12": 0,
      "vitaminC": 8.7,
      "vitaminD": 0,
      "vitaminE": 0.1,
      "vitaminK": 0.5,
      "magnesium": 27,
      "calcium": 5,
      "phosphorus": 22,
      "potassium": 358,
      "iron": 0.26,
      "selenium": 1,
      "zinc": 0.15,
      "manganese": 0.27,
      "copper": 0.078,
      "choline": 9.8,
      "volume": {
        "portionId": "cups",
        "weightInGrams": 150
      }
    },
    {
      "id": 909,
      "name": "Blueberries",
      "categoryId": 900,
      "energy": 57,
      "fat": 0.33,
      "saturatedFat": 0.028,
      "monounsaturatedFat": 0.047,
      "polyunsaturatedFat": 0.146,
      "carbs": 14.49,
      "sugar": 9.96,
      "fiber": 2.4,
      "protein": 0.74,
      "sodium": 1,
      "cholesterol": 0,
      "vitaminA": 3,
      "vitaminB1": 0.037,
      "vitaminB2": 0.041,
      "vitaminB3": 0.418,
      "vitaminB5": 0.124,
      "vitaminB6": 0.052,
      "vitaminB9": 6,
      "vitaminB12": 0,
      "vitaminC": 9.7,
      "vitaminD": 0,
      "vitaminE": 0.57,
      "vitaminK": 19.3,
      "magnesium": 6,
      "calcium": 6,
      "phosphorus": 12,
      "potassium": 77,
      "iron": 0.28,
      "selenium": 0.1,
      "zinc": 0.16,
      "manganese": 0.336,
      "copper": 0.057,
      "choline": 6,
      "volume": {
        "portionId": "cups",
        "weightInGrams": 148
      }
    },
    {
      "id": 910,
      "name": "Cherries",
      "categoryId": 900,
      "energy": 63,
      "fat": 0.2,
      "saturatedFat": 0.038,
      "monounsaturatedFat": 0.047,
      "polyunsaturatedFat": 0.052,
      "carbs": 16.01,
      "sugar": 12.82,
      "fiber": 2.1,
      "protein": 1.06,
      "sodium": 0,
      "cholesterol": 0,
      "vitaminA": 3,
      "vitaminB1": 0.027,
      "vitaminB2": 0.033,
      "vitaminB3": 0.154,
      "vitaminB5": 0.199,
      "vitaminB6": 0.049,
      "vitaminB9": 4,
      "vitaminB12": 0,
      "vitaminC": 7,
      "vitaminD": 0,
      "vitaminE": 0.07,
      "vitaminK": 2.1,
      "magnesium": 11,
      "calcium": 13,
      "phosphorus": 21,
      "potassium": 222,
      "iron": 0.36,
      "selenium": 0,
      "zinc": 0.07,
      "manganese": 0.07,
      "copper": 0.06,
      "choline": 6.1,
      "volume": {
        "portionId": "cups",
        "weightInGrams": 154
      }
    },
    {
      "id": 911,
      "name": "Peaches",
      "categoryId": 900,
      "energy": 39,
      "fat": 0.25,
      "saturatedFat": 0.019,
      "monounsaturatedFat": 0.067,
      "polyunsaturatedFat": 0.086,
      "carbs": 9.54,
      "sugar": 8.39,
      "fiber": 1.5,
      "protein": 0.91,
      "sodium": 0,
      "cholesterol": 0,
      "vitaminA": 16,
      "vitaminB1": 0.024,
      "vitaminB2": 0.031,
      "vitaminB3": 0.806,
      "vitaminB5": 0.153,
      "vitaminB6": 0.025,
      "vitaminB9": 4,
      "vitaminB12": 0,
      "vitaminC": 6.6,
      "vitaminD": 0,
      "vitaminE": 0.73,
      "vitaminK": 2.6,
      "magnesium": 9,
      "calcium": 6,
      "phosphorus": 20,
      "potassium": 190,
      "iron": 0.25,
      "selenium": 0.1,
      "zinc": 0.17,
      "manganese": 0.061,
      "copper": 0.068,
      "choline": 6.1,
      "volume": {
        "portionId": "cups",
        "weightInGrams": 154
      }
    },
    {
      "id": 912,
      "name": "Crushed Tomatoes (canned)",
      "categoryId": 900,
      "energy": 32,
      "fat": 0.28,
      "saturatedFat": 0.04,
      "monounsaturatedFat": 0.043,
      "polyunsaturatedFat": 0.113,
      "carbs": 7.29,
      "sugar": 4.4,
      "fiber": 1.9,
      "protein": 1.64,
      "sodium": 186,
      "cholesterol": 0,
      "vitaminA": 11,
      "vitaminB1": 0.075,
      "vitaminB2": 0.052,
      "vitaminB3": 1.222,
      "vitaminB5": 0.278,
      "vitaminB6": 0.15,
      "vitaminB9": 13,
      "vitaminB12": 0,
      "vitaminC": 9.2,
      "vitaminD": 0,
      "vitaminE": 1.25,
      "vitaminK": 5.3,
      "magnesium": 20,
      "calcium": 34,
      "phosphorus": 32,
      "potassium": 293,
      "iron": 1.3,
      "selenium": 0.6,
      "zinc": 0.27,
      "manganese": 0.183,
      "copper": 0.183,
      "choline": 12.9,
      "volume": {
        "portionId": "cups",
        "weightInGrams": 121
      }
    },
    {
      "id": 913,
      "name": "Pears",
      "categoryId": 900,
      "energy": 57,
      "fat": 0.14,
      "saturatedFat": 0.022,
      "monounsaturatedFat": 0.084,
      "polyunsaturatedFat": 0.094,
      "carbs": 15.23,
      "sugar": 9.75,
      "fiber": 3.1,
      "protein": 0.36,
      "sodium": 1,
      "cholesterol": 0,
      "vitaminA": 1,
      "vitaminB1": 0.012,
      "vitaminB2": 0.026,
      "vitaminB3": 0.161,
      "vitaminB5": 0.049,
      "vitaminB6": 0.029,
      "vitaminB9": 7,
      "vitaminB12": 0,
      "vitaminC": 4.3,
      "vitaminD": 0,
      "vitaminE": 0.12,
      "vitaminK": 4.4,
      "magnesium": 7,
      "calcium": 9,
      "phosphorus": 12,
      "potassium": 116,
      "iron": 0.18,
      "selenium": 0.1,
      "zinc": 0.1,
      "manganese": 0.048,
      "copper": 0.082,
      "choline": 5.1,
      "volume": {
        "portionId": "cups",
        "weightInGrams": 161
      }
    },
    {
      "id": 914,
      "name": "Apples",
      "categoryId": 900,
      "energy": 52,
      "fat": 0.17,
      "saturatedFat": 0.028,
      "monounsaturatedFat": 0.007,
      "polyunsaturatedFat": 0.051,
      "carbs": 13.81,
      "sugar": 10.39,
      "fiber": 2.4,
      "protein": 0.26,
      "sodium": 1,
      "cholesterol": 0,
      "vitaminA": 3,
      "vitaminB1": 0.017,
      "vitaminB2": 0.026,
      "vitaminB3": 0.091,
      "vitaminB5": 0,
      "vitaminB6": 0.041,
      "vitaminB9": 3,
      "vitaminB12": 0,
      "vitaminC": 4.6,
      "vitaminD": 0,
      "vitaminE": 0.18,
      "vitaminK": 2.2,
      "magnesium": 5,
      "calcium": 6,
      "phosphorus": 11,
      "potassium": 107,
      "iron": 0.12,
      "selenium": 0,
      "zinc": 0.04,
      "manganese": 0,
      "copper": 0.027,
      "choline": 3.4
    },
    {
      "id": 915,
      "name": "Grapes",
      "categoryId": 900,
      "energy": 69,
      "fat": 0.16,
      "saturatedFat": 0.054,
      "monounsaturatedFat": 0.007,
      "polyunsaturatedFat": 0.048,
      "carbs": 18.1,
      "sugar": 15.48,
      "fiber": 0.9,
      "protein": 0.72,
      "sodium": 2,
      "cholesterol": 0,
      "vitaminA": 3,
      "vitaminB1": 0.069,
      "vitaminB2": 0.07,
      "vitaminB3": 0.188,
      "vitaminB5": 0,
      "vitaminB6": 0.086,
      "vitaminB9": 2,
      "vitaminB12": 0,
      "vitaminC": 3.2,
      "vitaminD": 0,
      "vitaminE": 0.19,
      "vitaminK": 14.6,
      "magnesium": 7,
      "calcium": 10,
      "phosphorus": 20,
      "potassium": 191,
      "iron": 0.36,
      "selenium": 0.1,
      "zinc": 0.07,
      "manganese": 0,
      "copper": 0.127,
      "choline": 5.6
    },
    {
      "id": 916,
      "name": "Avocado",
      "categoryId": 900,
      "energy": 160,
      "fat": 14.66,
      "saturatedFat": 2.126,
      "monounsaturatedFat": 9.799,
      "polyunsaturatedFat": 1.816,
      "carbs": 8.53,
      "sugar": 0.66,
      "fiber": 6.7,
      "protein": 2,
      "sodium": 7,
      "cholesterol": 0,
      "vitaminA": 7,
      "vitaminB1": 0.067,
      "vitaminB2": 0.13,
      "vitaminB3": 1.738,
      "vitaminB5": 1.389,
      "vitaminB6": 0.257,
      "vitaminB9": 81,
      "vitaminB12": 0,
      "vitaminC": 10,
      "vitaminD": 0,
      "vitaminE": 2.07,
      "vitaminK": 21,
      "magnesium": 29,
      "calcium": 12,
      "phosphorus": 52,
      "potassium": 485,
      "iron": 0.55,
      "selenium": 0.4,
      "zinc": 0.64,
      "manganese": 0.142,
      "copper": 0.19,
      "choline": 14.2,
      "volume": {
        "portionId": "cups",
        "weightInGrams": 230
      }
    },
    {
      "id": 917,
      "name": "Plums",
      "categoryId": 900,
      "energy": 46,
      "fat": 0.28,
      "saturatedFat": 0.017,
      "monounsaturatedFat": 0.134,
      "polyunsaturatedFat": 0.044,
      "carbs": 11.42,
      "sugar": 9.92,
      "fiber": 1.4,
      "protein": 0.7,
      "sodium": 0,
      "cholesterol": 0,
      "vitaminA": 17,
      "vitaminB1": 0.028,
      "vitaminB2": 0.026,
      "vitaminB3": 0.417,
      "vitaminB5": 0.135,
      "vitaminB6": 0.029,
      "vitaminB9": 5,
      "vitaminB12": 0,
      "vitaminC": 9.5,
      "vitaminD": 0,
      "vitaminE": 0.26,
      "vitaminK": 6.4,
      "magnesium": 7,
      "calcium": 6,
      "phosphorus": 16,
      "potassium": 157,
      "iron": 0.17,
      "selenium": 0,
      "zinc": 0.1,
      "manganese": 0.052,
      "copper": 0.057,
      "choline": 1.9,
      "volume": {
        "portionId": "cups",
        "weightInGrams": 165
      }
    },
    {
      "id": 918,
      "name": "Mangos",
      "categoryId": 900,
      "energy": 60,
      "fat": 0.38,
      "saturatedFat": 0.092,
      "monounsaturatedFat": 0.14,
      "polyunsaturatedFat": 0.071,
      "carbs": 14.98,
      "sugar": 13.66,
      "fiber": 1.6,
      "protein": 0.82,
      "sodium": 1,
      "cholesterol": 0,
      "vitaminA": 54,
      "vitaminB1": 0.028,
      "vitaminB2": 0.038,
      "vitaminB3": 0.669,
      "vitaminB5": 0.197,
      "vitaminB6": 0.119,
      "vitaminB9": 43,
      "vitaminB12": 0,
      "vitaminC": 36.4,
      "vitaminD": 0,
      "vitaminE": 0.9,
      "vitaminK": 4.2,
      "magnesium": 10,
      "calcium": 11,
      "phosphorus": 14,
      "potassium": 168,
      "iron": 0.16,
      "selenium": 0.6,
      "zinc": 0.09,
      "manganese": 0.063,
      "copper": 0.111,
      "choline": 7.6,
      "volume": {
        "portionId": "cups",
        "weightInGrams": 165
      }
    },
    {
      "id": 919,
      "name": "Pineapple",
      "categoryId": 900,
      "energy": 50,
      "fat": 0.12,
      "saturatedFat": 0.009,
      "monounsaturatedFat": 0.013,
      "polyunsaturatedFat": 0.04,
      "carbs": 13.12,
      "sugar": 9.85,
      "fiber": 1.4,
      "protein": 0.54,
      "sodium": 1,
      "cholesterol": 0,
      "vitaminA": 3,
      "vitaminB1": 0.079,
      "vitaminB2": 0.032,
      "vitaminB3": 0.5,
      "vitaminB5": 0.213,
      "vitaminB6": 0.112,
      "vitaminB9": 18,
      "vitaminB12": 0,
      "vitaminC": 47.8,
      "vitaminD": 0,
      "vitaminE": 0.02,
      "vitaminK": 0.7,
      "magnesium": 12,
      "calcium": 13,
      "phosphorus": 8,
      "potassium": 109,
      "iron": 0.29,
      "selenium": 0.1,
      "zinc": 0.12,
      "manganese": 0.927,
      "copper": 0.11,
      "choline": 5.5,
      "volume": {
        "portionId": "cups",
        "weightInGrams": 165
      }
    },
    {
      "id": 920,
      "name": "Kiwi",
      "categoryId": 900,
      "energy": 58,
      "fat": 0.44,
      "saturatedFat": 0.029,
      "monounsaturatedFat": 0.047,
      "polyunsaturatedFat": 0.287,
      "carbs": 14,
      "sugar": 8.99,
      "fiber": 3,
      "protein": 1.06,
      "sodium": 5,
      "cholesterol": 0,
      "vitaminA": 4,
      "vitaminB1": 0.027,
      "vitaminB2": 0.025,
      "vitaminB3": 0.37,
      "vitaminB5": 0,
      "vitaminB6": 0.061,
      "vitaminB9": 26,
      "vitaminB12": 0,
      "vitaminC": 74.7,
      "vitaminD": 0,
      "vitaminE": 1.3,
      "vitaminK": 40.3,
      "magnesium": 16,
      "calcium": 35,
      "phosphorus": 34,
      "potassium": 198,
      "iron": 0.24,
      "selenium": 0.2,
      "zinc": 0.14,
      "manganese": 0,
      "copper": 0.134,
      "choline": 7.8
    },
    {
      "id": 921,
      "name": "Pickled Olives",
      "categoryId": 900,
      "energy": 145,
      "fat": 15.32,
      "saturatedFat": 2.029,
      "monounsaturatedFat": 11.314,
      "polyunsaturatedFat": 1.307,
      "carbs": 3.84,
      "sugar": 0.54,
      "fiber": 3.3,
      "protein": 1.03,
      "sodium": 1556,
      "cholesterol": 0,
      "vitaminA": 20,
      "vitaminB1": 0.021,
      "vitaminB2": 0.007,
      "vitaminB3": 0.237,
      "vitaminB5": 0.023,
      "vitaminB6": 0.031,
      "vitaminB9": 3,
      "vitaminB12": 0,
      "vitaminC": 0,
      "vitaminD": 0,
      "vitaminE": 3.81,
      "vitaminK": 1.4,
      "magnesium": 11,
      "calcium": 52,
      "phosphorus": 4,
      "potassium": 42,
      "iron": 0.49,
      "selenium": 0.9,
      "zinc": 0.04,
      "manganese": 0,
      "copper": 0.12,
      "choline": 14.2
    },
    {
      "id": 922,
      "name": "Grapefruit",
      "categoryId": 900,
      "energy": 32,
      "fat": 0.1,
      "saturatedFat": 0.014,
      "monounsaturatedFat": 0.013,
      "polyunsaturatedFat": 0.024,
      "carbs": 8.08,
      "sugar": 6.98,
      "fiber": 1.1,
      "protein": 0.63,
      "sodium": 0,
      "cholesterol": 0,
      "vitaminA": 46,
      "vitaminB1": 0.036,
      "vitaminB2": 0.02,
      "vitaminB3": 0.25,
      "vitaminB5": 0.283,
      "vitaminB6": 0.042,
      "vitaminB9": 10,
      "vitaminB12": 0,
      "vitaminC": 34.4,
      "vitaminD": 0,
      "vitaminE": 0.13,
      "vitaminK": 0,
      "magnesium": 8,
      "calcium": 12,
      "phosphorus": 8,
      "potassium": 139,
      "iron": 0.09,
      "selenium": 0.3,
      "zinc": 0.07,
      "manganese": 0.012,
      "copper": 0.047,
      "choline": 7.7,
      "volume": {
        "portionId": "cups",
        "weightInGrams": 230
      }
    },
    {
      "id": 923,
      "name": "Sugar-apples",
      "categoryId": 900,
      "energy": 94,
      "fat": 0.29,
      "saturatedFat": 0.048,
      "monounsaturatedFat": 0.114,
      "polyunsaturatedFat": 0.04,
      "carbs": 23.64,
      "sugar": 0,
      "fiber": 4.4,
      "protein": 2.06,
      "sodium": 9,
      "cholesterol": 0,
      "vitaminA": 0,
      "vitaminB1": 0.11,
      "vitaminB2": 0.113,
      "vitaminB3": 0.883,
      "vitaminB5": 0.226,
      "vitaminB6": 0.2,
      "vitaminB9": 14,
      "vitaminB12": 0,
      "vitaminC": 36.3,
      "vitaminD": 0,
      "vitaminE": 0,
      "vitaminK": 0,
      "magnesium": 21,
      "calcium": 24,
      "phosphorus": 32,
      "potassium": 247,
      "iron": 0.6,
      "selenium": 0.6,
      "zinc": 0.1,
      "manganese": 0,
      "copper": 0.086,
      "choline": 0,
      "volume": {
        "portionId": "cups",
        "weightInGrams": 250
      }
    },
    {
      "id": 924,
      "name": "Figs",
      "categoryId": 900,
      "energy": 74,
      "fat": 0.3,
      "saturatedFat": 0.06,
      "monounsaturatedFat": 0.066,
      "polyunsaturatedFat": 0.144,
      "carbs": 19.18,
      "sugar": 16.26,
      "fiber": 2.9,
      "protein": 0.75,
      "sodium": 1,
      "cholesterol": 0,
      "vitaminA": 7,
      "vitaminB1": 0.06,
      "vitaminB2": 0.05,
      "vitaminB3": 0.4,
      "vitaminB5": 0.3,
      "vitaminB6": 0.113,
      "vitaminB9": 6,
      "vitaminB12": 0,
      "vitaminC": 2,
      "vitaminD": 0,
      "vitaminE": 0.11,
      "vitaminK": 4.7,
      "magnesium": 17,
      "calcium": 35,
      "phosphorus": 14,
      "potassium": 232,
      "iron": 0.37,
      "selenium": 0.2,
      "zinc": 0.15,
      "manganese": 0.128,
      "copper": 0.07,
      "choline": 4.7
    },
    {
      "id": 925,
      "name": "Medjool Dates",
      "categoryId": 900,
      "energy": 277,
      "fat": 0.15,
      "saturatedFat": 0,
      "monounsaturatedFat": 0,
      "polyunsaturatedFat": 0,
      "carbs": 74.97,
      "sugar": 66.47,
      "fiber": 6.7,
      "protein": 1.81,
      "sodium": 1,
      "cholesterol": 0,
      "vitaminA": 7,
      "vitaminB1": 0.05,
      "vitaminB2": 0.06,
      "vitaminB3": 1.61,
      "vitaminB5": 0.805,
      "vitaminB6": 0.249,
      "vitaminB9": 15,
      "vitaminB12": 0,
      "vitaminC": 0,
      "vitaminD": 0,
      "vitaminE": 0,
      "vitaminK": 2.7,
      "magnesium": 54,
      "calcium": 64,
      "phosphorus": 62,
      "potassium": 696,
      "iron": 0.9,
      "selenium": 0,
      "zinc": 0.44,
      "manganese": 0.296,
      "copper": 0.362,
      "choline": 9.9
    },
    {
      "id": 926,
      "name": "Apricots",
      "categoryId": 900,
      "energy": 48,
      "fat": 0.39,
      "saturatedFat": 0.027,
      "monounsaturatedFat": 0.17,
      "polyunsaturatedFat": 0.077,
      "carbs": 11.12,
      "sugar": 9.24,
      "fiber": 2,
      "protein": 1.4,
      "sodium": 1,
      "cholesterol": 0,
      "vitaminA": 96,
      "vitaminB1": 0.03,
      "vitaminB2": 0.04,
      "vitaminB3": 0.6,
      "vitaminB5": 0.24,
      "vitaminB6": 0.054,
      "vitaminB9": 9,
      "vitaminB12": 0,
      "vitaminC": 10,
      "vitaminD": 0,
      "vitaminE": 0.89,
      "vitaminK": 3.3,
      "magnesium": 10,
      "calcium": 13,
      "phosphorus": 23,
      "potassium": 259,
      "iron": 0.39,
      "selenium": 0.1,
      "zinc": 0.2,
      "manganese": 0.077,
      "copper": 0.078,
      "choline": 2.8,
      "volume": {
        "portionId": "cups",
        "weightInGrams": 155
      }
    },
    {
      "id": 927,
      "name": "Pomegranates",
      "categoryId": 900,
      "energy": 83,
      "fat": 1.17,
      "saturatedFat": 0.12,
      "monounsaturatedFat": 0.093,
      "polyunsaturatedFat": 0.079,
      "carbs": 18.7,
      "sugar": 13.67,
      "fiber": 4,
      "protein": 1.67,
      "sodium": 3,
      "cholesterol": 0,
      "vitaminA": 0,
      "vitaminB1": 0.067,
      "vitaminB2": 0.053,
      "vitaminB3": 0.293,
      "vitaminB5": 0.377,
      "vitaminB6": 0.075,
      "vitaminB9": 38,
      "vitaminB12": 0,
      "vitaminC": 10.2,
      "vitaminD": 0,
      "vitaminE": 0.6,
      "vitaminK": 16.4,
      "magnesium": 12,
      "calcium": 10,
      "phosphorus": 36,
      "potassium": 236,
      "iron": 0.3,
      "selenium": 0.5,
      "zinc": 0.35,
      "manganese": 0.119,
      "copper": 0.158,
      "choline": 7.6,
      "volume": {
        "portionId": "cups",
        "weightInGrams": 87
      }
    },
    {
      "id": 928,
      "name": "Watermelon",
      "categoryId": 900,
      "energy": 30,
      "fat": 0.15,
      "saturatedFat": 0.016,
      "monounsaturatedFat": 0.037,
      "polyunsaturatedFat": 0.05,
      "carbs": 7.55,
      "sugar": 6.2,
      "fiber": 0.4,
      "protein": 0.61,
      "sodium": 1,
      "cholesterol": 0,
      "vitaminA": 28,
      "vitaminB1": 0.033,
      "vitaminB2": 0.021,
      "vitaminB3": 0.178,
      "vitaminB5": 0.221,
      "vitaminB6": 0.045,
      "vitaminB9": 3,
      "vitaminB12": 0,
      "vitaminC": 8.1,
      "vitaminD": 0,
      "vitaminE": 0.05,
      "vitaminK": 0.1,
      "magnesium": 10,
      "calcium": 7,
      "phosphorus": 11,
      "potassium": 112,
      "iron": 0.24,
      "selenium": 0.4,
      "zinc": 0.1,
      "manganese": 0.038,
      "copper": 0.042,
      "choline": 4.1,
      "volume": {
        "portionId": "cups",
        "weightInGrams": 152
      }
    },
    {
      "id": 929,
      "name": "Canteloupe Melons",
      "categoryId": 900,
      "energy": 34,
      "fat": 0.19,
      "saturatedFat": 0.051,
      "monounsaturatedFat": 0.003,
      "polyunsaturatedFat": 0.081,
      "carbs": 8.16,
      "sugar": 7.86,
      "fiber": 0.9,
      "protein": 0.84,
      "sodium": 16,
      "cholesterol": 0,
      "vitaminA": 169,
      "vitaminB1": 0.041,
      "vitaminB2": 0.019,
      "vitaminB3": 0.734,
      "vitaminB5": 0.105,
      "vitaminB6": 0.072,
      "vitaminB9": 21,
      "vitaminB12": 0,
      "vitaminC": 36.7,
      "vitaminD": 0,
      "vitaminE": 0.05,
      "vitaminK": 2.5,
      "magnesium": 12,
      "calcium": 9,
      "phosphorus": 15,
      "potassium": 267,
      "iron": 0.21,
      "selenium": 0.4,
      "zinc": 0.18,
      "manganese": 0.041,
      "copper": 0.041,
      "choline": 7.6,
      "volume": {
        "portionId": "cups",
        "weightInGrams": 160
      }
    },
    {
      "id": 930,
      "name": "Papayas",
      "categoryId": 900,
      "energy": 43,
      "fat": 0.26,
      "saturatedFat": 0.081,
      "monounsaturatedFat": 0.072,
      "polyunsaturatedFat": 0.058,
      "carbs": 10.82,
      "sugar": 7.82,
      "fiber": 1.7,
      "protein": 0.47,
      "sodium": 8,
      "cholesterol": 0,
      "vitaminA": 47,
      "vitaminB1": 0.023,
      "vitaminB2": 0.027,
      "vitaminB3": 0.357,
      "vitaminB5": 0.191,
      "vitaminB6": 0.038,
      "vitaminB9": 37,
      "vitaminB12": 0,
      "vitaminC": 60.9,
      "vitaminD": 0,
      "vitaminE": 0.3,
      "vitaminK": 2.6,
      "magnesium": 21,
      "calcium": 20,
      "phosphorus": 10,
      "potassium": 182,
      "iron": 0.25,
      "selenium": 0.6,
      "zinc": 0.08,
      "manganese": 0.04,
      "copper": 0.045,
      "choline": 6.1,
      "volume": {
        "portionId": "cups",
        "weightInGrams": 230
      }
    },
    {
      "id": 931,
      "name": "Limes",
      "categoryId": 900,
      "energy": 30,
      "fat": 0.2,
      "saturatedFat": 0.022,
      "monounsaturatedFat": 0.019,
      "polyunsaturatedFat": 0.055,
      "carbs": 10.54,
      "sugar": 1.69,
      "fiber": 2.8,
      "protein": 0.7,
      "sodium": 2,
      "cholesterol": 0,
      "vitaminA": 2,
      "vitaminB1": 0.03,
      "vitaminB2": 0.02,
      "vitaminB3": 0.2,
      "vitaminB5": 0.217,
      "vitaminB6": 0.043,
      "vitaminB9": 8,
      "vitaminB12": 0,
      "vitaminC": 29.1,
      "vitaminD": 0,
      "vitaminE": 0.22,
      "vitaminK": 0.6,
      "magnesium": 6,
      "calcium": 33,
      "phosphorus": 18,
      "potassium": 102,
      "iron": 0.6,
      "selenium": 0.4,
      "zinc": 0.11,
      "manganese": 0.008,
      "copper": 0.065,
      "choline": 5.1
    },
    {
      "id": 932,
      "name": "Nectarines",
      "categoryId": 900,
      "energy": 44,
      "fat": 0.32,
      "saturatedFat": 0.025,
      "monounsaturatedFat": 0.088,
      "polyunsaturatedFat": 0.113,
      "carbs": 10.55,
      "sugar": 7.89,
      "fiber": 1.7,
      "protein": 1.06,
      "sodium": 0,
      "cholesterol": 0,
      "vitaminA": 17,
      "vitaminB1": 0.034,
      "vitaminB2": 0.027,
      "vitaminB3": 1.125,
      "vitaminB5": 0.185,
      "vitaminB6": 0.025,
      "vitaminB9": 5,
      "vitaminB12": 0,
      "vitaminC": 5.4,
      "vitaminD": 0,
      "vitaminE": 0.77,
      "vitaminK": 2.2,
      "magnesium": 9,
      "calcium": 6,
      "phosphorus": 26,
      "potassium": 201,
      "iron": 0.28,
      "selenium": 0,
      "zinc": 0.17,
      "manganese": 0.054,
      "copper": 0.086,
      "choline": 6.2,
      "volume": {
        "portionId": "cups",
        "weightInGrams": 143
      }
    },
    {
      "id": 933,
      "name": "Lemons",
      "categoryId": 900,
      "energy": 29,
      "fat": 0.3,
      "saturatedFat": 0.039,
      "monounsaturatedFat": 0.011,
      "polyunsaturatedFat": 0.089,
      "carbs": 9.32,
      "sugar": 2.5,
      "fiber": 2.8,
      "protein": 1.1,
      "sodium": 2,
      "cholesterol": 0,
      "vitaminA": 1,
      "vitaminB1": 0.04,
      "vitaminB2": 0.02,
      "vitaminB3": 0.1,
      "vitaminB5": 0.19,
      "vitaminB6": 0.08,
      "vitaminB9": 11,
      "vitaminB12": 0,
      "vitaminC": 53,
      "vitaminD": 0,
      "vitaminE": 0.15,
      "vitaminK": 0,
      "magnesium": 8,
      "calcium": 26,
      "phosphorus": 16,
      "potassium": 138,
      "iron": 0.6,
      "selenium": 0.4,
      "zinc": 0.06,
      "manganese": 0.03,
      "copper": 0.037,
      "choline": 5.1,
      "volume": {
        "portionId": "cups",
        "weightInGrams": 212
      }
    }
  ]