[
  {
    "id": 601,
    "name": "Brown Rice",
    "categoryId": 600,
    "energy": 367,
    "fat": 3.2,
    "saturatedFat": 0.591,
    "monounsaturatedFat": 1.054,
    "polyunsaturatedFat": 1,
    "carbs": 76.25,
    "sugar": 0.66,
    "fiber": 3.6,
    "protein": 7.54,
    "sodium": 5,
    "cholesterol": 0,
    "vitaminA": 0,
    "vitaminB1": 0.541,
    "vitaminB2": 0.095,
    "vitaminB3": 6.494,
    "vitaminB5": 1.065,
    "vitaminB6": 0.477,
    "vitaminB9": 23,
    "vitaminB12": 0,
    "vitaminC": 0,
    "vitaminD": 0,
    "vitaminE": 0.6,
    "vitaminK": 0.6,
    "magnesium": 116,
    "calcium": 9,
    "phosphorus": 311,
    "potassium": 250,
    "iron": 1.29,
    "selenium": 17.1,
    "zinc": 2.13,
    "manganese": 2.853,
    "copper": 0.302,
    "choline": 21.5,
    "volume": {
      "portionId": "cups",
      "weightInGrams": 185
    }
  },
  {
    "id": 602,
    "name": "White Rice",
    "categoryId": 600,
    "energy": 360,
    "fat": 0.58,
    "saturatedFat": 0.158,
    "monounsaturatedFat": 0.181,
    "polyunsaturatedFat": 0.155,
    "carbs": 79.34,
    "sugar": 0,
    "fiber": 0,
    "protein": 6.61,
    "sodium": 1,
    "cholesterol": 0,
    "vitaminA": 0,
    "vitaminB1": 0.07,
    "vitaminB2": 0.048,
    "vitaminB3": 1.6,
    "vitaminB5": 1.342,
    "vitaminB6": 0.145,
    "vitaminB9": 9,
    "vitaminB12": 0,
    "vitaminC": 0,
    "vitaminD": 0,
    "vitaminE": 0,
    "vitaminK": 0,
    "magnesium": 35,
    "calcium": 9,
    "phosphorus": 108,
    "potassium": 86,
    "iron": 0.8,
    "selenium": 0,
    "zinc": 1.16,
    "manganese": 1.1,
    "copper": 0.11,
    "choline": 0,
    "volume": {
      "portionId": "cups",
      "weightInGrams": 195
    }
  },
  {
    "id": 603,
    "name": "Oats",
    "categoryId": 600,
    "energy": 379,
    "fat": 6.52,
    "saturatedFat": 1.11,
    "monounsaturatedFat": 1.98,
    "polyunsaturatedFat": 2.3,
    "carbs": 67.7,
    "sugar": 0.99,
    "fiber": 10.1,
    "protein": 13.15,
    "sodium": 6,
    "cholesterol": 0,
    "vitaminA": 0,
    "vitaminB1": 0.46,
    "vitaminB2": 0.155,
    "vitaminB3": 1.125,
    "vitaminB5": 1.12,
    "vitaminB6": 0.1,
    "vitaminB9": 32,
    "vitaminB12": 0,
    "vitaminC": 0,
    "vitaminD": 0,
    "vitaminE": 0.42,
    "vitaminK": 2,
    "magnesium": 138,
    "calcium": 52,
    "phosphorus": 410,
    "potassium": 362,
    "iron": 4.25,
    "selenium": 28.9,
    "zinc": 3.64,
    "manganese": 3.63,
    "copper": 0.391,
    "choline": 40.4,
    "volume": {
      "portionId": "cups",
      "weightInGrams": 81
    }
  },
  {
    "id": 604,
    "name": "Cornstarch",
    "categoryId": 600,
    "energy": 381,
    "fat": 0.05,
    "saturatedFat": 0.009,
    "monounsaturatedFat": 0.016,
    "polyunsaturatedFat": 0.025,
    "carbs": 91.27,
    "sugar": 0,
    "fiber": 0.9,
    "protein": 0.26,
    "sodium": 9,
    "cholesterol": 0,
    "vitaminA": 0,
    "vitaminB1": 0,
    "vitaminB2": 0,
    "vitaminB3": 0,
    "vitaminB5": 0,
    "vitaminB6": 0,
    "vitaminB9": 0,
    "vitaminB12": 0,
    "vitaminC": 0,
    "vitaminD": 0,
    "vitaminE": 0,
    "vitaminK": 0,
    "magnesium": 3,
    "calcium": 2,
    "phosphorus": 13,
    "potassium": 3,
    "iron": 0.47,
    "selenium": 2.8,
    "zinc": 0.06,
    "manganese": 0.053,
    "copper": 0.05,
    "choline": 0.4,
    "volume": {
      "portionId": "cups",
      "weightInGrams": 128
    }
  },
  {
    "id": 605,
    "name": "Whole-wheat Pasta",
    "categoryId": 600,
    "energy": 352,
    "fat": 2.93,
    "saturatedFat": 0.428,
    "monounsaturatedFat": 0.361,
    "polyunsaturatedFat": 1.136,
    "carbs": 73.37,
    "sugar": 2.74,
    "fiber": 9.2,
    "protein": 13.87,
    "sodium": 6,
    "cholesterol": 0,
    "vitaminA": 0,
    "vitaminB1": 0.407,
    "vitaminB2": 0.218,
    "vitaminB3": 8.691,
    "vitaminB5": 0.87,
    "vitaminB6": 0.283,
    "vitaminB9": 69,
    "vitaminB12": 0,
    "vitaminC": 0,
    "vitaminD": 0,
    "vitaminE": 0.46,
    "vitaminK": 1.4,
    "magnesium": 128,
    "calcium": 29,
    "phosphorus": 343,
    "potassium": 434,
    "iron": 3.62,
    "selenium": 77.6,
    "zinc": 2.97,
    "manganese": 2.983,
    "copper": 0.497,
    "choline": 0,
    "volume": {
      "portionId": "cups",
      "weightInGrams": 96
    }
  },
  {
    "id": 606,
    "name": "Pasta",
    "categoryId": 600,
    "energy": 371,
    "fat": 1.51,
    "saturatedFat": 0.277,
    "monounsaturatedFat": 0.171,
    "polyunsaturatedFat": 0.564,
    "carbs": 74.67,
    "sugar": 2.67,
    "fiber": 3.2,
    "protein": 13.04,
    "sodium": 6,
    "cholesterol": 0,
    "vitaminA": 0,
    "vitaminB1": 0.09,
    "vitaminB2": 0.06,
    "vitaminB3": 1.7,
    "vitaminB5": 0.431,
    "vitaminB6": 0.142,
    "vitaminB9": 18,
    "vitaminB12": 0,
    "vitaminC": 0,
    "vitaminD": 0,
    "vitaminE": 0.11,
    "vitaminK": 0.1,
    "magnesium": 53,
    "calcium": 21,
    "phosphorus": 189,
    "potassium": 223,
    "iron": 1.3,
    "selenium": 63.2,
    "zinc": 1.41,
    "manganese": 0.917,
    "copper": 0.289,
    "choline": 0,
    "volume": {
      "portionId": "cups",
      "weightInGrams": 96
    }
  },
  {
    "id": 607,
    "name": "Quinoa",
    "categoryId": 600,
    "energy": 368,
    "fat": 6.07,
    "saturatedFat": 0.706,
    "monounsaturatedFat": 1.613,
    "polyunsaturatedFat": 3.292,
    "carbs": 64.16,
    "sugar": 0,
    "fiber": 7,
    "protein": 14.12,
    "sodium": 5,
    "cholesterol": 0,
    "vitaminA": 1,
    "vitaminB1": 0.36,
    "vitaminB2": 0.318,
    "vitaminB3": 1.52,
    "vitaminB5": 0.772,
    "vitaminB6": 0.487,
    "vitaminB9": 184,
    "vitaminB12": 0,
    "vitaminC": 0,
    "vitaminD": 0,
    "vitaminE": 2.44,
    "vitaminK": 0,
    "magnesium": 197,
    "calcium": 47,
    "phosphorus": 457,
    "potassium": 563,
    "iron": 4.57,
    "selenium": 8.5,
    "zinc": 3.1,
    "manganese": 2.033,
    "copper": 0.59,
    "choline": 70.2,
    "volume": {
      "portionId": "cups",
      "weightInGrams": 170
    }
  },
  {
    "id": 608,
    "name": "Egg Pasta",
    "categoryId": 600,
    "energy": 130,
    "fat": 1.74,
    "saturatedFat": 0.408,
    "monounsaturatedFat": 0.508,
    "polyunsaturatedFat": 0.521,
    "carbs": 23.54,
    "sugar": 0,
    "fiber": 0,
    "protein": 5.28,
    "sodium": 83,
    "cholesterol": 41,
    "vitaminA": 17,
    "vitaminB1": 0.173,
    "vitaminB2": 0.174,
    "vitaminB3": 1.257,
    "vitaminB5": 0.231,
    "vitaminB6": 0.037,
    "vitaminB9": 43,
    "vitaminB12": 0.1,
    "vitaminC": 0,
    "vitaminD": 0,
    "vitaminE": 0,
    "vitaminK": 0,
    "magnesium": 14,
    "calcium": 10,
    "phosphorus": 52,
    "potassium": 21,
    "iron": 1.16,
    "selenium": 0,
    "zinc": 0.44,
    "manganese": 0.183,
    "copper": 0.056,
    "choline": 0
  },
  {
    "id": 609,
    "name": "Egg Noodles",
    "categoryId": 600,
    "energy": 384,
    "fat": 4.44,
    "saturatedFat": 1.18,
    "monounsaturatedFat": 1.252,
    "polyunsaturatedFat": 1.331,
    "carbs": 71.27,
    "sugar": 1.88,
    "fiber": 3.3,
    "protein": 14.16,
    "sodium": 21,
    "cholesterol": 84,
    "vitaminA": 17,
    "vitaminB1": 0.17,
    "vitaminB2": 0.09,
    "vitaminB3": 2.1,
    "vitaminB5": 0.912,
    "vitaminB6": 0.216,
    "vitaminB9": 29,
    "vitaminB12": 0.29,
    "vitaminC": 0,
    "vitaminD": 0.3,
    "vitaminE": 0.37,
    "vitaminK": 0.5,
    "magnesium": 58,
    "calcium": 35,
    "phosphorus": 241,
    "potassium": 244,
    "iron": 1.9,
    "selenium": 78.8,
    "zinc": 1.92,
    "manganese": 0.855,
    "copper": 0.297,
    "choline": 78.7,
    "volume": {
      "portionId": "cups",
      "weightInGrams": 38
    }
  },
  {
    "id": 610,
    "name": "Couscous",
    "categoryId": 600,
    "energy": 376,
    "fat": 0.64,
    "saturatedFat": 0.117,
    "monounsaturatedFat": 0.089,
    "polyunsaturatedFat": 0.252,
    "carbs": 77.43,
    "sugar": 0,
    "fiber": 5,
    "protein": 12.76,
    "sodium": 10,
    "cholesterol": 0,
    "vitaminA": 0,
    "vitaminB1": 0.163,
    "vitaminB2": 0.078,
    "vitaminB3": 3.49,
    "vitaminB5": 1.243,
    "vitaminB6": 0.11,
    "vitaminB9": 20,
    "vitaminB12": 0,
    "vitaminC": 0,
    "vitaminD": 0,
    "vitaminE": 0,
    "vitaminK": 0,
    "magnesium": 44,
    "calcium": 24,
    "phosphorus": 170,
    "potassium": 166,
    "iron": 1.08,
    "selenium": 0,
    "zinc": 0.83,
    "manganese": 0.78,
    "copper": 0.247,
    "choline": 0,
    "volume": {
      "portionId": "cups",
      "weightInGrams": 173
    }
  },
  {
    "id": 611,
    "name": "Toasted Wheat Germ",
    "categoryId": 600,
    "energy": 382,
    "fat": 10.7,
    "saturatedFat": 1.83,
    "monounsaturatedFat": 1.5,
    "polyunsaturatedFat": 6.62,
    "carbs": 49.6,
    "sugar": 7.8,
    "fiber": 15.1,
    "protein": 29.1,
    "sodium": 4,
    "cholesterol": 0,
    "vitaminA": 5,
    "vitaminB1": 1.67,
    "vitaminB2": 0.82,
    "vitaminB3": 5.59,
    "vitaminB5": 1.387,
    "vitaminB6": 0.978,
    "vitaminB9": 352,
    "vitaminB12": 0,
    "vitaminC": 6,
    "vitaminD": 0,
    "vitaminE": 15.99,
    "vitaminK": 4,
    "magnesium": 320,
    "calcium": 45,
    "phosphorus": 1146,
    "potassium": 947,
    "iron": 9.09,
    "selenium": 65,
    "zinc": 16.67,
    "manganese": 19.956,
    "copper": 0.62,
    "choline": 178.6,
    "volume": {
      "portionId": "cups",
      "weightInGrams": 113
    }
  },
  {
    "id": 612,
    "name": "White Flour",
    "categoryId": 600,
    "energy": 361,
    "fat": 1.66,
    "saturatedFat": 0.244,
    "monounsaturatedFat": 0.14,
    "polyunsaturatedFat": 0.727,
    "carbs": 72.53,
    "sugar": 0.31,
    "fiber": 2.4,
    "protein": 11.98,
    "sodium": 2,
    "cholesterol": 0,
    "vitaminA": 0,
    "vitaminB1": 0.812,
    "vitaminB2": 0.512,
    "vitaminB3": 7.554,
    "vitaminB5": 0.438,
    "vitaminB6": 0.037,
    "vitaminB9": 183,
    "vitaminB12": 0,
    "vitaminC": 0,
    "vitaminD": 0,
    "vitaminE": 0.4,
    "vitaminK": 0.3,
    "magnesium": 25,
    "calcium": 15,
    "phosphorus": 97,
    "potassium": 100,
    "iron": 4.41,
    "selenium": 39.7,
    "zinc": 0.85,
    "manganese": 0.792,
    "copper": 0.182,
    "choline": 10.4,
    "volume": {
      "portionId": "cups",
      "weightInGrams": 137
    }
  },
  {
    "id": 613,
    "name": "Bulgur",
    "categoryId": 600,
    "energy": 342,
    "fat": 1.33,
    "saturatedFat": 0.232,
    "monounsaturatedFat": 0.173,
    "polyunsaturatedFat": 0.541,
    "carbs": 75.87,
    "sugar": 0.41,
    "fiber": 12.5,
    "protein": 12.29,
    "sodium": 17,
    "cholesterol": 0,
    "vitaminA": 0,
    "vitaminB1": 0.232,
    "vitaminB2": 0.115,
    "vitaminB3": 5.114,
    "vitaminB5": 1.045,
    "vitaminB6": 0.342,
    "vitaminB9": 27,
    "vitaminB12": 0,
    "vitaminC": 0,
    "vitaminD": 0,
    "vitaminE": 0.06,
    "vitaminK": 1.9,
    "magnesium": 164,
    "calcium": 35,
    "phosphorus": 300,
    "potassium": 410,
    "iron": 2.46,
    "selenium": 2.3,
    "zinc": 1.93,
    "manganese": 3.048,
    "copper": 0.335,
    "choline": 28.1,
    "volume": {
      "portionId": "cups",
      "weightInGrams": 140
    }
  },
  {
    "id": 614,
    "name": "Buckwheat",
    "categoryId": 600,
    "energy": 343,
    "fat": 3.4,
    "saturatedFat": 0.741,
    "monounsaturatedFat": 1.04,
    "polyunsaturatedFat": 1.039,
    "carbs": 71.5,
    "sugar": 0,
    "fiber": 10,
    "protein": 13.25,
    "sodium": 1,
    "cholesterol": 0,
    "vitaminA": 0,
    "vitaminB1": 0.101,
    "vitaminB2": 0.425,
    "vitaminB3": 7.02,
    "vitaminB5": 1.233,
    "vitaminB6": 0.21,
    "vitaminB9": 30,
    "vitaminB12": 0,
    "vitaminC": 0,
    "vitaminD": 0,
    "vitaminE": 0,
    "vitaminK": 0,
    "magnesium": 231,
    "calcium": 18,
    "phosphorus": 347,
    "potassium": 460,
    "iron": 2.2,
    "selenium": 8.3,
    "zinc": 2.4,
    "manganese": 1.3,
    "copper": 1.1,
    "choline": 0,
    "volume": {
      "portionId": "cups",
      "weightInGrams": 170
    }
  },
  {
    "id": 615,
    "name": "Millet",
    "categoryId": 600,
    "energy": 378,
    "fat": 4.22,
    "saturatedFat": 0.723,
    "monounsaturatedFat": 0.773,
    "polyunsaturatedFat": 2.134,
    "carbs": 72.85,
    "sugar": 0,
    "fiber": 8.5,
    "protein": 11.02,
    "sodium": 5,
    "cholesterol": 0,
    "vitaminA": 0,
    "vitaminB1": 0.421,
    "vitaminB2": 0.29,
    "vitaminB3": 4.72,
    "vitaminB5": 0.848,
    "vitaminB6": 0.384,
    "vitaminB9": 85,
    "vitaminB12": 0,
    "vitaminC": 0,
    "vitaminD": 0,
    "vitaminE": 0.05,
    "vitaminK": 0.9,
    "magnesium": 114,
    "calcium": 8,
    "phosphorus": 285,
    "potassium": 195,
    "iron": 3.01,
    "selenium": 2.7,
    "zinc": 1.68,
    "manganese": 1.632,
    "copper": 0.75,
    "choline": 0,
    "volume": {
      "portionId": "cups",
      "weightInGrams": 200
    }
  },
  {
    "id": 616,
    "name": "Whole-wheat Pasta",
    "categoryId": 600,
    "energy": 352,
    "fat": 2.93,
    "saturatedFat": 0.428,
    "monounsaturatedFat": 0.361,
    "polyunsaturatedFat": 1.136,
    "carbs": 73.37,
    "sugar": 2.74,
    "fiber": 9.2,
    "protein": 13.87,
    "sodium": 6,
    "cholesterol": 0,
    "vitaminA": 0,
    "vitaminB1": 0.407,
    "vitaminB2": 0.218,
    "vitaminB3": 8.691,
    "vitaminB5": 0.87,
    "vitaminB6": 0.283,
    "vitaminB9": 69,
    "vitaminB12": 0,
    "vitaminC": 0,
    "vitaminD": 0,
    "vitaminE": 0.46,
    "vitaminK": 1.4,
    "magnesium": 128,
    "calcium": 29,
    "phosphorus": 343,
    "potassium": 434,
    "iron": 3.62,
    "selenium": 77.6,
    "zinc": 2.97,
    "manganese": 2.983,
    "copper": 0.497,
    "choline": 0,
    "volume": {
      "portionId": "cups",
      "weightInGrams": 96
    }
  },
  {
    "id": 617,
    "name": "Cornstarch",
    "categoryId": 600,
    "energy": 381,
    "fat": 0.05,
    "saturatedFat": 0.009,
    "monounsaturatedFat": 0.016,
    "polyunsaturatedFat": 0.025,
    "carbs": 91.27,
    "sugar": 0,
    "fiber": 0.9,
    "protein": 0.26,
    "sodium": 9,
    "cholesterol": 0,
    "vitaminA": 0,
    "vitaminB1": 0,
    "vitaminB2": 0,
    "vitaminB3": 0,
    "vitaminB5": 0,
    "vitaminB6": 0,
    "vitaminB9": 0,
    "vitaminB12": 0,
    "vitaminC": 0,
    "vitaminD": 0,
    "vitaminE": 0,
    "vitaminK": 0,
    "magnesium": 3,
    "calcium": 2,
    "phosphorus": 13,
    "potassium": 3,
    "iron": 0.47,
    "selenium": 2.8,
    "zinc": 0.06,
    "manganese": 0.053,
    "copper": 0.05,
    "choline": 0.4,
    "volume": {
      "portionId": "cups",
      "weightInGrams": 128
    }
  },
  {
    "id": 618,
    "name": "Whole-Grain Flour",
    "categoryId": 600,
    "energy": 340,
    "fat": 2.5,
    "saturatedFat": 0.43,
    "monounsaturatedFat": 0.283,
    "polyunsaturatedFat": 1.167,
    "carbs": 71.97,
    "sugar": 0.41,
    "fiber": 10.7,
    "protein": 13.21,
    "sodium": 2,
    "cholesterol": 0,
    "vitaminA": 0,
    "vitaminB1": 0.502,
    "vitaminB2": 0.165,
    "vitaminB3": 4.957,
    "vitaminB5": 0.603,
    "vitaminB6": 0.407,
    "vitaminB9": 44,
    "vitaminB12": 0,
    "vitaminC": 0,
    "vitaminD": 0,
    "vitaminE": 0.71,
    "vitaminK": 1.9,
    "magnesium": 137,
    "calcium": 34,
    "phosphorus": 357,
    "potassium": 363,
    "iron": 3.6,
    "selenium": 61.8,
    "zinc": 2.6,
    "manganese": 4.067,
    "copper": 0.41,
    "choline": 31.2,
    "volume": {
      "portionId": "cups",
      "weightInGrams": 120
    }
  },
  {
    "id": 619,
    "name": "Oat Flour",
    "categoryId": 600,
    "energy": 404,
    "fat": 9.12,
    "saturatedFat": 1.607,
    "monounsaturatedFat": 2.866,
    "polyunsaturatedFat": 3.329,
    "carbs": 65.7,
    "sugar": 0.8,
    "fiber": 6.5,
    "protein": 14.66,
    "sodium": 19,
    "cholesterol": 0,
    "vitaminA": 0,
    "vitaminB1": 0.692,
    "vitaminB2": 0.125,
    "vitaminB3": 1.474,
    "vitaminB5": 0.201,
    "vitaminB6": 0.125,
    "vitaminB9": 32,
    "vitaminB12": 0,
    "vitaminC": 0,
    "vitaminD": 0,
    "vitaminE": 0.7,
    "vitaminK": 3.2,
    "magnesium": 144,
    "calcium": 55,
    "phosphorus": 452,
    "potassium": 371,
    "iron": 4,
    "selenium": 34,
    "zinc": 3.2,
    "manganese": 4.019,
    "copper": 0.437,
    "choline": 29.9,
    "volume": {
      "portionId": "cups",
      "weightInGrams": 104
    }
  },
  {
    "id": 620,
    "name": "Rice Noodles",
    "categoryId": 600,
    "energy": 364,
    "fat": 0.56,
    "saturatedFat": 0.153,
    "monounsaturatedFat": 0.175,
    "polyunsaturatedFat": 0.15,
    "carbs": 80.18,
    "sugar": 0.12,
    "fiber": 1.6,
    "protein": 5.95,
    "sodium": 182,
    "cholesterol": 0,
    "vitaminA": 0,
    "vitaminB1": 0.031,
    "vitaminB2": 0.017,
    "vitaminB3": 0.221,
    "vitaminB5": 0.051,
    "vitaminB6": 0.015,
    "vitaminB9": 3,
    "vitaminB12": 0,
    "vitaminC": 0,
    "vitaminD": 0,
    "vitaminE": 0.11,
    "vitaminK": 0,
    "magnesium": 12,
    "calcium": 18,
    "phosphorus": 153,
    "potassium": 30,
    "iron": 0.7,
    "selenium": 15.1,
    "zinc": 0.74,
    "manganese": 0.498,
    "copper": 0.078,
    "choline": 5.5
  }
]