[
  {
    "id": 101,
    "name": "Skinless Chicken Breast",
    "categoryId": 100,
    "energy": 108,
    "fat": 3,
    "saturatedFat": 0.545,
    "monounsaturatedFat": 0.673,
    "polyunsaturatedFat": 0.384,
    "carbs": 0,
    "sugar": 0,
    "fiber": 0,
    "protein": 20.32,
    "sodium": 173,
    "cholesterol": 64,
    "vitaminA": 11,
    "vitaminB1": 0.068,
    "vitaminB2": 0.127,
    "vitaminB3": 7.583,
    "vitaminB5": 1.23,
    "vitaminB6": 0.761,
    "vitaminB9": 8,
    "vitaminB12": 0.19,
    "vitaminC": 0,
    "vitaminD": 0,
    "vitaminE": 0.19,
    "vitaminK": 0,
    "magnesium": 25,
    "calcium": 5,
    "phosphorus": 198,
    "potassium": 332,
    "iron": 0.34,
    "selenium": 26.4,
    "zinc": 0.63,
    "manganese": 0.011,
    "copper": 0.029,
    "choline": 74.2
  },
  {
    "id": 102,
    "name": "Skinless Turkey Breast",
    "categoryId": 100,
    "energy": 111,
    "fat": 2.53,
    "saturatedFat": 0.6,
    "monounsaturatedFat": 3.71,
    "polyunsaturatedFat": 2.903,
    "carbs": 0,
    "sugar": 0,
    "fiber": 0,
    "protein": 21.99,
    "sodium": 124,
    "cholesterol": 60,
    "vitaminA": 5,
    "vitaminB1": 0.049,
    "vitaminB2": 0.155,
    "vitaminB3": 10,
    "vitaminB5": 0.95,
    "vitaminB6": 0.84,
    "vitaminB9": 7,
    "vitaminB12": 0.33,
    "vitaminC": 0,
    "vitaminD": 0.2,
    "vitaminE": 0.1,
    "vitaminK": 0,
    "magnesium": 25,
    "calcium": 8,
    "phosphorus": 181,
    "potassium": 237,
    "iron": 0.41,
    "selenium": 22.3,
    "zinc": 1.1,
    "manganese": 0.005,
    "copper": 0.043,
    "choline": 64.7
  },
  {
    "id": 103,
    "name": "Skinless Chicken Thigh",
    "categoryId": 100,
    "energy": 110,
    "fat": 3.69,
    "saturatedFat": 0.899,
    "monounsaturatedFat": 1.222,
    "polyunsaturatedFat": 0.767,
    "carbs": 0,
    "sugar": 0,
    "fiber": 0,
    "protein": 19.11,
    "sodium": 156,
    "cholesterol": 87,
    "vitaminA": 6,
    "vitaminB1": 0.087,
    "vitaminB2": 0.23,
    "vitaminB3": 5.3,
    "vitaminB5": 1.25,
    "vitaminB6": 0.433,
    "vitaminB9": 3,
    "vitaminB12": 0.56,
    "vitaminC": 0,
    "vitaminD": 0.1,
    "vitaminE": 0.26,
    "vitaminK": 0,
    "magnesium": 21,
    "calcium": 8,
    "phosphorus": 175,
    "potassium": 234,
    "iron": 0.6,
    "selenium": 20.9,
    "zinc": 1.53,
    "manganese": 0.009,
    "copper": 0.053,
    "choline": 75.1
  },
  {
    "id": 104,
    "name": "99% Lean Ground Turkey",
    "categoryId": 100,
    "energy": 107,
    "fat": 1.34,
    "saturatedFat": 0,
    "monounsaturatedFat": 0,
    "polyunsaturatedFat": 0,
    "carbs": 0,
    "sugar": 0,
    "fiber": 0,
    "protein": 23.21,
    "sodium": 62,
    "cholesterol": 49,
    "vitaminA": 0,
    "vitaminB1": 0,
    "vitaminB2": 0,
    "vitaminB3": 0,
    "vitaminB5": 0,
    "vitaminB6": 0,
    "vitaminB9": 0,
    "vitaminB12": 0,
    "vitaminC": 0,
    "vitaminD": 0,
    "vitaminE": 0,
    "vitaminK": 0,
    "magnesium": 0,
    "calcium": 27,
    "phosphorus": 0,
    "potassium": 339,
    "iron": 0.36,
    "selenium": 0,
    "zinc": 0,
    "manganese": 0,
    "copper": 0,
    "choline": 0
  },
  {
    "id": 105,
    "name": "Skinless Turkey Thigh",
    "categoryId": 100,
    "energy": 116,
    "fat": 3.69,
    "saturatedFat": 0.782,
    "monounsaturatedFat": 0.749,
    "polyunsaturatedFat": 0.722,
    "carbs": 0,
    "sugar": 0,
    "fiber": 0,
    "protein": 20.6,
    "sodium": 75,
    "cholesterol": 78,
    "vitaminA": 19,
    "vitaminB1": 0.059,
    "vitaminB2": 0.307,
    "vitaminB3": 6.183,
    "vitaminB5": 1.3,
    "vitaminB6": 0.482,
    "vitaminB9": 7,
    "vitaminB12": 2.17,
    "vitaminC": 0,
    "vitaminD": 0.5,
    "vitaminE": 0.18,
    "vitaminK": 0,
    "magnesium": 22,
    "calcium": 4,
    "phosphorus": 177,
    "potassium": 269,
    "iron": 1.42,
    "selenium": 21.5,
    "zinc": 2.95,
    "manganese": 0.006,
    "copper": 0.083,
    "choline": 75.9
  },
  {
    "id": 106,
    "name": "93% Lean Ground Turkey",
    "categoryId": 100,
    "energy": 150,
    "fat": 8.34,
    "saturatedFat": 2.17,
    "monounsaturatedFat": 2.843,
    "polyunsaturatedFat": 2.537,
    "carbs": 0,
    "sugar": 0,
    "fiber": 0,
    "protein": 18.73,
    "sodium": 69,
    "cholesterol": 74,
    "vitaminA": 22,
    "vitaminB1": 0.067,
    "vitaminB2": 0.185,
    "vitaminB3": 5.417,
    "vitaminB5": 1,
    "vitaminB6": 0.35,
    "vitaminB9": 7,
    "vitaminB12": 1.2,
    "vitaminC": 0,
    "vitaminD": 0.4,
    "vitaminE": 0.11,
    "vitaminK": 0,
    "magnesium": 21,
    "calcium": 21,
    "phosphorus": 193,
    "potassium": 213,
    "iron": 1.17,
    "selenium": 19,
    "zinc": 2.53,
    "manganese": 0.008,
    "copper": 0.107,
    "choline": 53
  },
  {
    "id": 107,
    "name": "Sliced Chicken Breast",
    "categoryId": 100,
    "energy": 98,
    "fat": 1.86,
    "saturatedFat": 0.564,
    "monounsaturatedFat": 0.74,
    "polyunsaturatedFat": 0.452,
    "carbs": 2.92,
    "sugar": 0.75,
    "fiber": 0,
    "protein": 17.4,
    "sodium": 1032,
    "cholesterol": 51,
    "vitaminA": 2,
    "vitaminB1": 0.048,
    "vitaminB2": 0.071,
    "vitaminB3": 9.055,
    "vitaminB5": 0.976,
    "vitaminB6": 0.445,
    "vitaminB9": 7,
    "vitaminB12": 0.14,
    "vitaminC": 0,
    "vitaminD": 0.1,
    "vitaminE": 0.32,
    "vitaminK": 0,
    "magnesium": 26,
    "calcium": 11,
    "phosphorus": 257,
    "potassium": 360,
    "iron": 0.39,
    "selenium": 13.2,
    "zinc": 0.51,
    "manganese": 0.018,
    "copper": 0.02,
    "choline": 44.2
  },
  {
    "id": 108,
    "name": "85% Lean Ground Turkey",
    "categoryId": 100,
    "energy": 180,
    "fat": 12.54,
    "saturatedFat": 3.414,
    "monounsaturatedFat": 4.551,
    "polyunsaturatedFat": 3.485,
    "carbs": 0,
    "sugar": 0,
    "fiber": 0,
    "protein": 16.9,
    "sodium": 54,
    "cholesterol": 78,
    "vitaminA": 30,
    "vitaminB1": 0.067,
    "vitaminB2": 0.177,
    "vitaminB3": 5.075,
    "vitaminB5": 1.1,
    "vitaminB6": 0.485,
    "vitaminB9": 6,
    "vitaminB12": 1.3,
    "vitaminC": 0,
    "vitaminD": 0.4,
    "vitaminE": 0.08,
    "vitaminK": 0,
    "magnesium": 19,
    "calcium": 33,
    "phosphorus": 179,
    "potassium": 202,
    "iron": 1.32,
    "selenium": 24.6,
    "zinc": 2.75,
    "manganese": 0.009,
    "copper": 0.123,
    "choline": 51.6
  },
  {
    "id": 109,
    "name": "Andouille Chicken Sausage",
    "categoryId": 100,
    "energy": 161,
    "fat": 10.71,
    "saturatedFat": 2.68,
    "monounsaturatedFat": 0,
    "polyunsaturatedFat": 0,
    "carbs": 3.57,
    "sugar": 1.79,
    "fiber": 0,
    "protein": 14.29,
    "sodium": 714,
    "cholesterol": 71,
    "vitaminA": 0,
    "vitaminB1": 0,
    "vitaminB2": 0,
    "vitaminB3": 0,
    "vitaminB5": 0,
    "vitaminB6": 0,
    "vitaminB9": 0,
    "vitaminB12": 0,
    "vitaminC": 0,
    "vitaminD": 0,
    "vitaminE": 0,
    "vitaminK": 0,
    "magnesium": 0,
    "calcium": 0,
    "phosphorus": 0,
    "potassium": 0,
    "iron": 1.29,
    "selenium": 0,
    "zinc": 0,
    "manganese": 0,
    "copper": 0,
    "choline": 0
  },
  {
    "id": 110,
    "name": "Sliced Turkey Breast",
    "categoryId": 100,
    "energy": 106,
    "fat": 3.77,
    "saturatedFat": 0.906,
    "monounsaturatedFat": 1.145,
    "polyunsaturatedFat": 1.024,
    "carbs": 2.2,
    "sugar": 0.91,
    "fiber": 0,
    "protein": 14.81,
    "sodium": 898,
    "cholesterol": 49,
    "vitaminA": 0,
    "vitaminB1": 0.038,
    "vitaminB2": 0.145,
    "vitaminB3": 7.15,
    "vitaminB5": 0.32,
    "vitaminB6": 0.41,
    "vitaminB9": 4,
    "vitaminB12": 0.37,
    "vitaminC": 0,
    "vitaminD": 0.2,
    "vitaminE": 0.13,
    "vitaminK": 0,
    "magnesium": 19,
    "calcium": 14,
    "phosphorus": 249,
    "potassium": 371,
    "iron": 0.42,
    "selenium": 13,
    "zinc": 0.94,
    "manganese": 0.016,
    "copper": 0.024,
    "choline": 30.1
  }
]