[
  {
    "id": 5001,
    "name": "Salt",
    "categoryId": 5000,
    "energy": 0,
    "fat": 0,
    "saturatedFat": 0,
    "monounsaturatedFat": 0,
    "polyunsaturatedFat": 0,
    "carbs": 0,
    "sugar": 0,
    "fiber": 0,
    "protein": 0,
    "sodium": 38758,
    "cholesterol": 0,
    "vitaminA": 0,
    "vitaminB1": 0,
    "vitaminB2": 0,
    "vitaminB3": 0,
    "vitaminB5": 0,
    "vitaminB6": 0,
    "vitaminB9": 0,
    "vitaminB12": 0,
    "vitaminC": 0,
    "vitaminD": 0,
    "vitaminE": 0,
    "vitaminK": 0,
    "magnesium": 1,
    "calcium": 24,
    "phosphorus": 0,
    "potassium": 8,
    "iron": 0.33,
    "selenium": 0.1,
    "zinc": 0.1,
    "manganese": 0.1,
    "copper": 0.03,
    "choline": 0,
    "volume": {
      "portionId": "cups",
      "weightInGrams": 292
    }
  },
  {
    "id": 5002,
    "name": "Cinnamon",
    "categoryId": 5000,
    "energy": 247,
    "fat": 1.24,
    "saturatedFat": 0.345,
    "monounsaturatedFat": 0.246,
    "polyunsaturatedFat": 0.068,
    "carbs": 80.59,
    "sugar": 2.17,
    "fiber": 53.1,
    "protein": 3.99,
    "sodium": 10,
    "cholesterol": 0,
    "vitaminA": 15,
    "vitaminB1": 0.022,
    "vitaminB2": 0.041,
    "vitaminB3": 1.332,
    "vitaminB5": 0.358,
    "vitaminB6": 0.158,
    "vitaminB9": 6,
    "vitaminB12": 0,
    "vitaminC": 3.8,
    "vitaminD": 0,
    "vitaminE": 2.32,
    "vitaminK": 31.2,
    "magnesium": 60,
    "calcium": 1002,
    "phosphorus": 64,
    "potassium": 431,
    "iron": 8.32,
    "selenium": 3.1,
    "zinc": 1.83,
    "manganese": 17.466,
    "copper": 0.339,
    "choline": 11,
    "volume": {
      "portionId": "teaspoons",
      "weightInGrams": 2.6
    }
  },
  {
    "id": 5003,
    "name": "Vanilla Extract",
    "categoryId": 5000,
    "energy": 288,
    "fat": 0.06,
    "saturatedFat": 0.01,
    "monounsaturatedFat": 0.01,
    "polyunsaturatedFat": 0.004,
    "carbs": 12.65,
    "sugar": 12.65,
    "fiber": 0,
    "protein": 0.06,
    "sodium": 9,
    "cholesterol": 0,
    "vitaminA": 0,
    "vitaminB1": 0.011,
    "vitaminB2": 0.095,
    "vitaminB3": 0.425,
    "vitaminB5": 0.035,
    "vitaminB6": 0.026,
    "vitaminB9": 0,
    "vitaminB12": 0,
    "vitaminC": 0,
    "vitaminD": 0,
    "vitaminE": 0,
    "vitaminK": 0,
    "magnesium": 12,
    "calcium": 11,
    "phosphorus": 6,
    "potassium": 148,
    "iron": 0.12,
    "selenium": 0,
    "zinc": 0.11,
    "manganese": 0.23,
    "copper": 0.072,
    "choline": 0,
    "volume": {
      "portionId": "teaspoons",
      "weightInGrams": 4.2
    }
  },
  {
    "id": 5004,
    "name": "Balsamic Vinegar",
    "categoryId": 5000,
    "energy": 88,
    "fat": 0,
    "saturatedFat": 0,
    "monounsaturatedFat": 0,
    "polyunsaturatedFat": 0,
    "carbs": 17.03,
    "sugar": 14.95,
    "fiber": 0,
    "protein": 0.49,
    "sodium": 23,
    "cholesterol": 0,
    "vitaminA": 0,
    "vitaminB1": 0,
    "vitaminB2": 0,
    "vitaminB3": 0,
    "vitaminB5": 0,
    "vitaminB6": 0,
    "vitaminB9": 0,
    "vitaminB12": 0,
    "vitaminC": 0,
    "vitaminD": 0,
    "vitaminE": 0,
    "vitaminK": 0,
    "magnesium": 12,
    "calcium": 27,
    "phosphorus": 19,
    "potassium": 112,
    "iron": 0.72,
    "selenium": 0,
    "zinc": 0.08,
    "manganese": 0.131,
    "copper": 0.026,
    "choline": 0,
    "volume": {
      "portionId": "tablespoons",
      "weightInGrams": 16
    }
  },
  {
    "id": 5005,
    "name": "Garlic",
    "categoryId": 5000,
    "energy": 149,
    "fat": 0.5,
    "saturatedFat": 0.089,
    "monounsaturatedFat": 0.011,
    "polyunsaturatedFat": 0.249,
    "carbs": 33.06,
    "sugar": 1,
    "fiber": 2.1,
    "protein": 6.36,
    "sodium": 17,
    "cholesterol": 0,
    "vitaminA": 0,
    "vitaminB1": 0.2,
    "vitaminB2": 0.11,
    "vitaminB3": 0.7,
    "vitaminB5": 0.596,
    "vitaminB6": 1.235,
    "vitaminB9": 3,
    "vitaminB12": 0,
    "vitaminC": 31.2,
    "vitaminD": 0,
    "vitaminE": 0.08,
    "vitaminK": 1.7,
    "magnesium": 25,
    "calcium": 181,
    "phosphorus": 153,
    "potassium": 401,
    "iron": 1.7,
    "selenium": 14.2,
    "zinc": 1.16,
    "manganese": 1.672,
    "copper": 0.299,
    "choline": 23.2,
    "volume": {
      "portionId": "teaspoons",
      "weightInGrams": 2.8
    }
  },
  {
    "id": 5006,
    "name": "Fresh Mint",
    "categoryId": 5000,
    "energy": 44,
    "fat": 0.73,
    "saturatedFat": 0.191,
    "monounsaturatedFat": 0.025,
    "polyunsaturatedFat": 0.394,
    "carbs": 8.41,
    "sugar": 0,
    "fiber": 6.8,
    "protein": 3.29,
    "sodium": 30,
    "cholesterol": 0,
    "vitaminA": 203,
    "vitaminB1": 0.078,
    "vitaminB2": 0.175,
    "vitaminB3": 0.948,
    "vitaminB5": 0.25,
    "vitaminB6": 0.158,
    "vitaminB9": 105,
    "vitaminB12": 0,
    "vitaminC": 13.3,
    "vitaminD": 0,
    "vitaminE": 0,
    "vitaminK": 0,
    "magnesium": 63,
    "calcium": 199,
    "phosphorus": 60,
    "potassium": 458,
    "iron": 11.87,
    "selenium": 0,
    "zinc": 1.09,
    "manganese": 1.118,
    "copper": 0.24,
    "choline": 0,
    "volume": {
      "portionId": "tablespoons",
      "weightInGrams": 11.4
    }
  },
  {
    "id": 5007,
    "name": "Fresh Basil",
    "categoryId": 5000,
    "energy": 23,
    "fat": 0.64,
    "saturatedFat": 0.041,
    "monounsaturatedFat": 0.088,
    "polyunsaturatedFat": 0.389,
    "carbs": 2.65,
    "sugar": 0.3,
    "fiber": 1.6,
    "protein": 3.15,
    "sodium": 4,
    "cholesterol": 0,
    "vitaminA": 264,
    "vitaminB1": 0.034,
    "vitaminB2": 0.076,
    "vitaminB3": 0.902,
    "vitaminB5": 0.209,
    "vitaminB6": 0.155,
    "vitaminB9": 68,
    "vitaminB12": 0,
    "vitaminC": 18,
    "vitaminD": 0,
    "vitaminE": 0.8,
    "vitaminK": 414.8,
    "magnesium": 64,
    "calcium": 177,
    "phosphorus": 56,
    "potassium": 295,
    "iron": 3.17,
    "selenium": 0.3,
    "zinc": 0.81,
    "manganese": 1.148,
    "copper": 0.385,
    "choline": 11.4,
    "volume": {
      "portionId": "tablespoons",
      "weightInGrams": 5.3
    }
  },
  {
    "id": 5008,
    "name": "Nutmeg",
    "categoryId": 5000,
    "energy": 525,
    "fat": 36.31,
    "saturatedFat": 25.94,
    "monounsaturatedFat": 3.22,
    "polyunsaturatedFat": 0.35,
    "carbs": 49.29,
    "sugar": 2.99,
    "fiber": 20.8,
    "protein": 5.84,
    "sodium": 16,
    "cholesterol": 0,
    "vitaminA": 5,
    "vitaminB1": 0.346,
    "vitaminB2": 0.057,
    "vitaminB3": 1.299,
    "vitaminB5": 0,
    "vitaminB6": 0.16,
    "vitaminB9": 76,
    "vitaminB12": 0,
    "vitaminC": 3,
    "vitaminD": 0,
    "vitaminE": 0,
    "vitaminK": 0,
    "magnesium": 183,
    "calcium": 184,
    "phosphorus": 213,
    "potassium": 350,
    "iron": 3.04,
    "selenium": 1.6,
    "zinc": 2.15,
    "manganese": 2.9,
    "copper": 1.027,
    "choline": 8.8,
    "volume": {
      "portionId": "tablespoons",
      "weightInGrams": 7
    }
  },
  {
    "id": 5009,
    "name": "Black Pepper",
    "categoryId": 5000,
    "energy": 251,
    "fat": 3.26,
    "saturatedFat": 1.392,
    "monounsaturatedFat": 0.739,
    "polyunsaturatedFat": 0.998,
    "carbs": 63.95,
    "sugar": 0.64,
    "fiber": 25.3,
    "protein": 10.39,
    "sodium": 20,
    "cholesterol": 0,
    "vitaminA": 27,
    "vitaminB1": 0.108,
    "vitaminB2": 0.18,
    "vitaminB3": 1.143,
    "vitaminB5": 1.399,
    "vitaminB6": 0.291,
    "vitaminB9": 17,
    "vitaminB12": 0,
    "vitaminC": 0,
    "vitaminD": 0,
    "vitaminE": 1.04,
    "vitaminK": 163.7,
    "magnesium": 171,
    "calcium": 443,
    "phosphorus": 158,
    "potassium": 1329,
    "iron": 9.71,
    "selenium": 4.9,
    "zinc": 1.19,
    "manganese": 12.753,
    "copper": 1.33,
    "choline": 11.3,
    "volume": {
      "portionId": "tablespoons",
      "weightInGrams": 6.9
    }
  },
  {
    "id": 5010,
    "name": "Salt",
    "categoryId": 5000,
    "energy": 0,
    "fat": 0,
    "saturatedFat": 0,
    "monounsaturatedFat": 0,
    "polyunsaturatedFat": 0,
    "carbs": 0,
    "sugar": 0,
    "fiber": 0,
    "protein": 0,
    "sodium": 38758,
    "cholesterol": 0,
    "vitaminA": 0,
    "vitaminB1": 0,
    "vitaminB2": 0,
    "vitaminB3": 0,
    "vitaminB5": 0,
    "vitaminB6": 0,
    "vitaminB9": 0,
    "vitaminB12": 0,
    "vitaminC": 0,
    "vitaminD": 0,
    "vitaminE": 0,
    "vitaminK": 0,
    "magnesium": 1,
    "calcium": 24,
    "phosphorus": 0,
    "potassium": 8,
    "iron": 0.33,
    "selenium": 0.1,
    "zinc": 0.1,
    "manganese": 0.1,
    "copper": 0.03,
    "choline": 0,
    "volume": {
      "portionId": "cups",
      "weightInGrams": 292
    }
  },
  {
    "id": 5011,
    "name": "Paprika",
    "categoryId": 5000,
    "energy": 282,
    "fat": 12.89,
    "saturatedFat": 2.14,
    "monounsaturatedFat": 1.695,
    "polyunsaturatedFat": 7.766,
    "carbs": 53.99,
    "sugar": 10.34,
    "fiber": 34.9,
    "protein": 14.14,
    "sodium": 68,
    "cholesterol": 0,
    "vitaminA": 2463,
    "vitaminB1": 0.33,
    "vitaminB2": 1.23,
    "vitaminB3": 10.06,
    "vitaminB5": 2.51,
    "vitaminB6": 2.141,
    "vitaminB9": 49,
    "vitaminB12": 0,
    "vitaminC": 0.9,
    "vitaminD": 0,
    "vitaminE": 29.1,
    "vitaminK": 80.3,
    "magnesium": 178,
    "calcium": 229,
    "phosphorus": 314,
    "potassium": 2280,
    "iron": 21.14,
    "selenium": 6.3,
    "zinc": 4.33,
    "manganese": 1.59,
    "copper": 0.713,
    "choline": 51.5,
    "volume": {
      "portionId": "tablespoons",
      "weightInGrams": 6.8
    }
  },
  {
    "id": 5012,
    "name": "Cayenne Pepper",
    "categoryId": 5000,
    "energy": 318,
    "fat": 17.27,
    "saturatedFat": 3.26,
    "monounsaturatedFat": 2.75,
    "polyunsaturatedFat": 8.37,
    "carbs": 56.63,
    "sugar": 10.34,
    "fiber": 27.2,
    "protein": 12.01,
    "sodium": 30,
    "cholesterol": 0,
    "vitaminA": 2081,
    "vitaminB1": 0.328,
    "vitaminB2": 0.919,
    "vitaminB3": 8.701,
    "vitaminB5": 0,
    "vitaminB6": 2.45,
    "vitaminB9": 106,
    "vitaminB12": 0,
    "vitaminC": 76.4,
    "vitaminD": 0,
    "vitaminE": 29.83,
    "vitaminK": 80.3,
    "magnesium": 152,
    "calcium": 148,
    "phosphorus": 293,
    "potassium": 2014,
    "iron": 7.8,
    "selenium": 8.8,
    "zinc": 2.48,
    "manganese": 2,
    "copper": 0.373,
    "choline": 51.5,
    "volume": {
      "portionId": "tablespoons",
      "weightInGrams": 5.3
    }
  },
  {
    "id": 5013,
    "name": "Cumin",
    "categoryId": 5000,
    "energy": 375,
    "fat": 22.27,
    "saturatedFat": 1.535,
    "monounsaturatedFat": 14.04,
    "polyunsaturatedFat": 3.279,
    "carbs": 44.24,
    "sugar": 2.25,
    "fiber": 10.5,
    "protein": 17.81,
    "sodium": 168,
    "cholesterol": 0,
    "vitaminA": 64,
    "vitaminB1": 0.628,
    "vitaminB2": 0.327,
    "vitaminB3": 4.579,
    "vitaminB5": 0,
    "vitaminB6": 0.435,
    "vitaminB9": 10,
    "vitaminB12": 0,
    "vitaminC": 7.7,
    "vitaminD": 0,
    "vitaminE": 3.33,
    "vitaminK": 5.4,
    "magnesium": 366,
    "calcium": 931,
    "phosphorus": 499,
    "potassium": 1788,
    "iron": 66.36,
    "selenium": 5.2,
    "zinc": 4.8,
    "manganese": 3.333,
    "copper": 0.867,
    "choline": 24.7,
    "volume": {
      "portionId": "teaspoons",
      "weightInGrams": 2.1
    }
  },
  {
    "id": 5014,
    "name": "Fresh Thyme",
    "categoryId": 5000,
    "energy": 101,
    "fat": 1.68,
    "saturatedFat": 0.467,
    "monounsaturatedFat": 0.081,
    "polyunsaturatedFat": 0.532,
    "carbs": 24.45,
    "sugar": 0,
    "fiber": 14,
    "protein": 5.56,
    "sodium": 9,
    "cholesterol": 0,
    "vitaminA": 238,
    "vitaminB1": 0.048,
    "vitaminB2": 0.471,
    "vitaminB3": 1.824,
    "vitaminB5": 0.409,
    "vitaminB6": 0.348,
    "vitaminB9": 45,
    "vitaminB12": 0,
    "vitaminC": 160.1,
    "vitaminD": 0,
    "vitaminE": 0,
    "vitaminK": 0,
    "magnesium": 160,
    "calcium": 405,
    "phosphorus": 106,
    "potassium": 609,
    "iron": 17.45,
    "selenium": 0,
    "zinc": 1.81,
    "manganese": 1.719,
    "copper": 0.555,
    "choline": 0,
    "volume": {
      "portionId": "teaspoons",
      "weightInGrams": 0.8
    }
  },
  {
    "id": 5015,
    "name": "Dried Thyme",
    "categoryId": 5000,
    "energy": 276,
    "fat": 7.43,
    "saturatedFat": 2.73,
    "monounsaturatedFat": 0.47,
    "polyunsaturatedFat": 1.19,
    "carbs": 63.94,
    "sugar": 1.71,
    "fiber": 37,
    "protein": 9.11,
    "sodium": 55,
    "cholesterol": 0,
    "vitaminA": 190,
    "vitaminB1": 0.513,
    "vitaminB2": 0.399,
    "vitaminB3": 4.94,
    "vitaminB5": 0,
    "vitaminB6": 0.55,
    "vitaminB9": 274,
    "vitaminB12": 0,
    "vitaminC": 50,
    "vitaminD": 0,
    "vitaminE": 7.48,
    "vitaminK": 1714.5,
    "magnesium": 220,
    "calcium": 1890,
    "phosphorus": 201,
    "potassium": 814,
    "iron": 123.6,
    "selenium": 4.6,
    "zinc": 6.18,
    "manganese": 7.867,
    "copper": 0.86,
    "choline": 43.6,
    "volume": {
      "portionId": "teaspoons",
      "weightInGrams": 1
    }
  },
  {
    "id": 5016,
    "name": "Ground Ginger",
    "categoryId": 5000,
    "energy": 335,
    "fat": 4.24,
    "saturatedFat": 2.599,
    "monounsaturatedFat": 0.479,
    "polyunsaturatedFat": 0.929,
    "carbs": 71.62,
    "sugar": 3.39,
    "fiber": 14.1,
    "protein": 8.98,
    "sodium": 27,
    "cholesterol": 0,
    "vitaminA": 2,
    "vitaminB1": 0.046,
    "vitaminB2": 0.17,
    "vitaminB3": 9.62,
    "vitaminB5": 0.477,
    "vitaminB6": 0.626,
    "vitaminB9": 13,
    "vitaminB12": 0,
    "vitaminC": 0.7,
    "vitaminD": 0,
    "vitaminE": 0,
    "vitaminK": 0.8,
    "magnesium": 214,
    "calcium": 114,
    "phosphorus": 168,
    "potassium": 1320,
    "iron": 19.8,
    "selenium": 55.8,
    "zinc": 3.64,
    "manganese": 33.3,
    "copper": 0.48,
    "choline": 41.2,
    "volume": {
      "portionId": "tablespoons",
      "weightInGrams": 5.2
    }
  },
  {
    "id": 5017,
    "name": "Fresh Rosemary",
    "categoryId": 5000,
    "energy": 131,
    "fat": 5.86,
    "saturatedFat": 2.838,
    "monounsaturatedFat": 1.16,
    "polyunsaturatedFat": 0.901,
    "carbs": 20.7,
    "sugar": 0,
    "fiber": 14.1,
    "protein": 3.31,
    "sodium": 26,
    "cholesterol": 0,
    "vitaminA": 146,
    "vitaminB1": 0.036,
    "vitaminB2": 0.152,
    "vitaminB3": 0.912,
    "vitaminB5": 0.804,
    "vitaminB6": 0.336,
    "vitaminB9": 109,
    "vitaminB12": 0,
    "vitaminC": 21.8,
    "vitaminD": 0,
    "vitaminE": 0,
    "vitaminK": 0,
    "magnesium": 91,
    "calcium": 317,
    "phosphorus": 66,
    "potassium": 668,
    "iron": 6.65,
    "selenium": 0,
    "zinc": 0.93,
    "manganese": 0.96,
    "copper": 0.301,
    "choline": 0,
    "volume": {
      "portionId": "tablespoons",
      "weightInGrams": 1.7
    }
  },
  {
    "id": 5018,
    "name": "Dried Rosemary",
    "categoryId": 5000,
    "energy": 331,
    "fat": 15.22,
    "saturatedFat": 7.371,
    "monounsaturatedFat": 3.014,
    "polyunsaturatedFat": 2.339,
    "carbs": 64.06,
    "sugar": 0,
    "fiber": 42.6,
    "protein": 4.88,
    "sodium": 50,
    "cholesterol": 0,
    "vitaminA": 156,
    "vitaminB1": 0.514,
    "vitaminB2": 0.428,
    "vitaminB3": 1,
    "vitaminB5": 0,
    "vitaminB6": 1.74,
    "vitaminB9": 307,
    "vitaminB12": 0,
    "vitaminC": 61.2,
    "vitaminD": 0,
    "vitaminE": 0,
    "vitaminK": 0,
    "magnesium": 220,
    "calcium": 1280,
    "phosphorus": 70,
    "potassium": 955,
    "iron": 29.25,
    "selenium": 4.6,
    "zinc": 3.23,
    "manganese": 1.867,
    "copper": 0.55,
    "choline": 0,
    "volume": {
      "portionId": "teaspoons",
      "weightInGrams": 1.2
    }
  },
  {
    "id": 5019,
    "name": "Dried Oregano",
    "categoryId": 5000,
    "energy": 265,
    "fat": 4.28,
    "saturatedFat": 1.551,
    "monounsaturatedFat": 0.716,
    "polyunsaturatedFat": 1.369,
    "carbs": 68.92,
    "sugar": 4.09,
    "fiber": 42.5,
    "protein": 9,
    "sodium": 25,
    "cholesterol": 0,
    "vitaminA": 85,
    "vitaminB1": 0.177,
    "vitaminB2": 0.528,
    "vitaminB3": 4.64,
    "vitaminB5": 0.921,
    "vitaminB6": 1.044,
    "vitaminB9": 237,
    "vitaminB12": 0,
    "vitaminC": 2.3,
    "vitaminD": 0,
    "vitaminE": 18.26,
    "vitaminK": 621.7,
    "magnesium": 270,
    "calcium": 1597,
    "phosphorus": 148,
    "potassium": 1260,
    "iron": 36.8,
    "selenium": 4.5,
    "zinc": 2.69,
    "manganese": 4.99,
    "copper": 0.633,
    "choline": 32.3,
    "volume": {
      "portionId": "teaspoons",
      "weightInGrams": 1
    }
  },
  {
    "id": 5020,
    "name": "Ground Sage",
    "categoryId": 5000,
    "energy": 315,
    "fat": 12.75,
    "saturatedFat": 7.03,
    "monounsaturatedFat": 1.87,
    "polyunsaturatedFat": 1.76,
    "carbs": 60.73,
    "sugar": 1.71,
    "fiber": 40.3,
    "protein": 10.63,
    "sodium": 11,
    "cholesterol": 0,
    "vitaminA": 295,
    "vitaminB1": 0.754,
    "vitaminB2": 0.336,
    "vitaminB3": 5.72,
    "vitaminB5": 0,
    "vitaminB6": 2.69,
    "vitaminB9": 274,
    "vitaminB12": 0,
    "vitaminC": 32.4,
    "vitaminD": 0,
    "vitaminE": 7.48,
    "vitaminK": 1714.5,
    "magnesium": 428,
    "calcium": 1652,
    "phosphorus": 91,
    "potassium": 1070,
    "iron": 28.12,
    "selenium": 3.7,
    "zinc": 4.7,
    "manganese": 3.133,
    "copper": 0.757,
    "choline": 43.6,
    "volume": {
      "portionId": "teaspoons",
      "weightInGrams": 0.7
    }
  },
  {
    "id": 5021,
    "name": "Dried Parsley",
    "categoryId": 5000,
    "energy": 292,
    "fat": 5.48,
    "saturatedFat": 1.378,
    "monounsaturatedFat": 0.761,
    "polyunsaturatedFat": 3.124,
    "carbs": 50.64,
    "sugar": 7.27,
    "fiber": 26.7,
    "protein": 26.63,
    "sodium": 452,
    "cholesterol": 0,
    "vitaminA": 97,
    "vitaminB1": 0.196,
    "vitaminB2": 2.383,
    "vitaminB3": 9.943,
    "vitaminB5": 1.062,
    "vitaminB6": 0.9,
    "vitaminB9": 180,
    "vitaminB12": 0,
    "vitaminC": 125,
    "vitaminD": 0,
    "vitaminE": 8.96,
    "vitaminK": 1359.5,
    "magnesium": 400,
    "calcium": 1140,
    "phosphorus": 436,
    "potassium": 2683,
    "iron": 22.04,
    "selenium": 14.1,
    "zinc": 5.44,
    "manganese": 9.81,
    "copper": 0.78,
    "choline": 97.1,
    "volume": {
      "portionId": "teaspoons",
      "weightInGrams": 0.5
    }
  },
  {
    "id": 5022,
    "name": "Garlic Powder",
    "categoryId": 5000,
    "energy": 331,
    "fat": 0.73,
    "saturatedFat": 0.249,
    "monounsaturatedFat": 0.115,
    "polyunsaturatedFat": 0.178,
    "carbs": 72.73,
    "sugar": 2.43,
    "fiber": 9,
    "protein": 16.55,
    "sodium": 60,
    "cholesterol": 0,
    "vitaminA": 0,
    "vitaminB1": 0.435,
    "vitaminB2": 0.141,
    "vitaminB3": 0.796,
    "vitaminB5": 0.743,
    "vitaminB6": 1.654,
    "vitaminB9": 47,
    "vitaminB12": 0,
    "vitaminC": 1.2,
    "vitaminD": 0,
    "vitaminE": 0.67,
    "vitaminK": 0.4,
    "magnesium": 77,
    "calcium": 79,
    "phosphorus": 414,
    "potassium": 1193,
    "iron": 5.65,
    "selenium": 23.9,
    "zinc": 2.99,
    "manganese": 0.979,
    "copper": 0.533,
    "choline": 67.5,
    "volume": {
      "portionId": "tablespoons",
      "weightInGrams": 9.7
    }
  },
  {
    "id": 5023,
    "name": "Cappers",
    "categoryId": 5000,
    "energy": 23,
    "fat": 0.86,
    "saturatedFat": 0.233,
    "monounsaturatedFat": 0.063,
    "polyunsaturatedFat": 0.304,
    "carbs": 4.89,
    "sugar": 0.41,
    "fiber": 3.2,
    "protein": 2.36,
    "sodium": 2348,
    "cholesterol": 0,
    "vitaminA": 7,
    "vitaminB1": 0.018,
    "vitaminB2": 0.139,
    "vitaminB3": 0.652,
    "vitaminB5": 0.027,
    "vitaminB6": 0.023,
    "vitaminB9": 23,
    "vitaminB12": 0,
    "vitaminC": 4.3,
    "vitaminD": 0,
    "vitaminE": 0.88,
    "vitaminK": 24.6,
    "magnesium": 33,
    "calcium": 40,
    "phosphorus": 10,
    "potassium": 40,
    "iron": 1.67,
    "selenium": 1.2,
    "zinc": 0.32,
    "manganese": 0.078,
    "copper": 0.374,
    "choline": 6.5,
    "volume": {
      "portionId": "tablespoons",
      "weightInGrams": 8.6
    }
  },
  {
    "id": 5024,
    "name": "Apple Cider Vinegar",
    "categoryId": 5000,
    "energy": 21,
    "fat": 0,
    "saturatedFat": 0,
    "monounsaturatedFat": 0,
    "polyunsaturatedFat": 0,
    "carbs": 0.93,
    "sugar": 0.4,
    "fiber": 0,
    "protein": 0,
    "sodium": 5,
    "cholesterol": 0,
    "vitaminA": 0,
    "vitaminB1": 0,
    "vitaminB2": 0,
    "vitaminB3": 0,
    "vitaminB5": 0,
    "vitaminB6": 0,
    "vitaminB9": 0,
    "vitaminB12": 0,
    "vitaminC": 0,
    "vitaminD": 0,
    "vitaminE": 0,
    "vitaminK": 0,
    "magnesium": 5,
    "calcium": 7,
    "phosphorus": 8,
    "potassium": 73,
    "iron": 0.2,
    "selenium": 0.1,
    "zinc": 0.04,
    "manganese": 0.249,
    "copper": 0.008,
    "choline": 0,
    "volume": {
      "portionId": "teaspoons",
      "weightInGrams": 5
    }
  },
  {
    "id": 5025,
    "name": "Salt",
    "categoryId": 5000,
    "energy": 0,
    "fat": 0,
    "saturatedFat": 0,
    "monounsaturatedFat": 0,
    "polyunsaturatedFat": 0,
    "carbs": 0,
    "sugar": 0,
    "fiber": 0,
    "protein": 0,
    "sodium": 38758,
    "cholesterol": 0,
    "vitaminA": 0,
    "vitaminB1": 0,
    "vitaminB2": 0,
    "vitaminB3": 0,
    "vitaminB5": 0,
    "vitaminB6": 0,
    "vitaminB9": 0,
    "vitaminB12": 0,
    "vitaminC": 0,
    "vitaminD": 0,
    "vitaminE": 0,
    "vitaminK": 0,
    "magnesium": 1,
    "calcium": 24,
    "phosphorus": 0,
    "potassium": 8,
    "iron": 0.33,
    "selenium": 0.1,
    "zinc": 0.1,
    "manganese": 0.1,
    "copper": 0.03,
    "choline": 0,
    "volume": {
      "portionId": "cups",
      "weightInGrams": 292
    }
  },
  {
    "id": 5026,
    "name": "Dried Coriander leaves",
    "categoryId": 5000,
    "energy": 279,
    "fat": 4.78,
    "saturatedFat": 0.115,
    "monounsaturatedFat": 2.232,
    "polyunsaturatedFat": 0.328,
    "carbs": 52.1,
    "sugar": 7.27,
    "fiber": 10.4,
    "protein": 21.93,
    "sodium": 211,
    "cholesterol": 0,
    "vitaminA": 293,
    "vitaminB1": 1.252,
    "vitaminB2": 1.5,
    "vitaminB3": 10.707,
    "vitaminB5": 0,
    "vitaminB6": 0.61,
    "vitaminB9": 274,
    "vitaminB12": 0,
    "vitaminC": 566.7,
    "vitaminD": 0,
    "vitaminE": 1.03,
    "vitaminK": 1359.5,
    "magnesium": 694,
    "calcium": 1246,
    "phosphorus": 481,
    "potassium": 4466,
    "iron": 42.46,
    "selenium": 29.3,
    "zinc": 4.72,
    "manganese": 6.355,
    "copper": 1.786,
    "choline": 97.1,
    "volume": {
      "portionId": "teaspoons",
      "weightInGrams": 0.6
    }
  }
]