[
  {
    "id": 701,
    "name": "Sweet Corn Kernels (frozen)",
    "categoryId": 700,
    "energy": 88,
    "fat": 0.78,
    "saturatedFat": 0.119,
    "monounsaturatedFat": 0.227,
    "polyunsaturatedFat": 0.366,
    "carbs": 20.71,
    "sugar": 2.5,
    "fiber": 2.1,
    "protein": 3.02,
    "sodium": 3,
    "cholesterol": 0,
    "vitaminA": 10,
    "vitaminB1": 0.083,
    "vitaminB2": 0.068,
    "vitaminB3": 1.739,
    "vitaminB5": 0.361,
    "vitaminB6": 0.168,
    "vitaminB9": 36,
    "vitaminB12": 0,
    "vitaminC": 6.4,
    "vitaminD": 0,
    "vitaminE": 0.08,
    "vitaminK": 0.3,
    "magnesium": 18,
    "calcium": 4,
    "phosphorus": 70,
    "potassium": 213,
    "iron": 0.42,
    "selenium": 0.7,
    "zinc": 0.38,
    "manganese": 0.123,
    "copper": 0.036,
    "choline": 24,
    "volume": {
      "portionId": "cups",
      "weightInGrams": 136
    }
  },
  {
    "id": 702,
    "name": "Romaine Lettuce",
    "categoryId": 700,
    "energy": 15,
    "fat": 0.15,
    "saturatedFat": 0.02,
    "monounsaturatedFat": 0.006,
    "polyunsaturatedFat": 0.082,
    "carbs": 2.87,
    "sugar": 0.78,
    "fiber": 1.3,
    "protein": 1.36,
    "sodium": 28,
    "cholesterol": 0,
    "vitaminA": 370,
    "vitaminB1": 0.07,
    "vitaminB2": 0.08,
    "vitaminB3": 0.375,
    "vitaminB5": 0,
    "vitaminB6": 0.09,
    "vitaminB9": 38,
    "vitaminB12": 0,
    "vitaminC": 9.2,
    "vitaminD": 0,
    "vitaminE": 0.22,
    "vitaminK": 126.3,
    "magnesium": 13,
    "calcium": 36,
    "phosphorus": 29,
    "potassium": 194,
    "iron": 0.86,
    "selenium": 0.6,
    "zinc": 0.18,
    "manganese": 0,
    "copper": 0.029,
    "choline": 13.6
  },
  {
    "id": 703,
    "name": "Brussels Sprouts",
    "categoryId": 700,
    "energy": 43,
    "fat": 0.3,
    "saturatedFat": 0.062,
    "monounsaturatedFat": 0.023,
    "polyunsaturatedFat": 0.153,
    "carbs": 8.95,
    "sugar": 2.2,
    "fiber": 3.8,
    "protein": 3.38,
    "sodium": 25,
    "cholesterol": 0,
    "vitaminA": 38,
    "vitaminB1": 0.139,
    "vitaminB2": 0.09,
    "vitaminB3": 0.745,
    "vitaminB5": 0.309,
    "vitaminB6": 0.219,
    "vitaminB9": 61,
    "vitaminB12": 0,
    "vitaminC": 85,
    "vitaminD": 0,
    "vitaminE": 0.88,
    "vitaminK": 177,
    "magnesium": 23,
    "calcium": 42,
    "phosphorus": 69,
    "potassium": 389,
    "iron": 1.4,
    "selenium": 1.6,
    "zinc": 0.42,
    "manganese": 0.337,
    "copper": 0.07,
    "choline": 19.1,
    "volume": {
      "portionId": "cups",
      "weightInGrams": 88
    }
  },
  {
    "id": 704,
    "name": "Carrots",
    "categoryId": 700,
    "energy": 41,
    "fat": 0.24,
    "saturatedFat": 0.032,
    "monounsaturatedFat": 0.012,
    "polyunsaturatedFat": 0.102,
    "carbs": 9.58,
    "sugar": 4.74,
    "fiber": 2.8,
    "protein": 0.93,
    "sodium": 69,
    "cholesterol": 0,
    "vitaminA": 835,
    "vitaminB1": 0.066,
    "vitaminB2": 0.058,
    "vitaminB3": 0.983,
    "vitaminB5": 0.273,
    "vitaminB6": 0.138,
    "vitaminB9": 19,
    "vitaminB12": 0,
    "vitaminC": 5.9,
    "vitaminD": 0,
    "vitaminE": 0.66,
    "vitaminK": 13.2,
    "magnesium": 12,
    "calcium": 33,
    "phosphorus": 35,
    "potassium": 320,
    "iron": 0.3,
    "selenium": 0.1,
    "zinc": 0.24,
    "manganese": 0.143,
    "copper": 0.045,
    "choline": 8.8,
    "volume": {
      "portionId": "cups",
      "weightInGrams": 110
    }
  },
  {
    "id": 705,
    "name": "Frozen Mixed Vegetables",
    "categoryId": 700,
    "energy": 72,
    "fat": 0.52,
    "saturatedFat": 0.098,
    "monounsaturatedFat": 0.031,
    "polyunsaturatedFat": 0.235,
    "carbs": 13.47,
    "sugar": 0,
    "fiber": 4,
    "protein": 3.33,
    "sodium": 47,
    "cholesterol": 0,
    "vitaminA": 254,
    "vitaminB1": 0.122,
    "vitaminB2": 0.085,
    "vitaminB3": 1.252,
    "vitaminB5": 0.163,
    "vitaminB6": 0.096,
    "vitaminB9": 29,
    "vitaminB12": 0,
    "vitaminC": 10.4,
    "vitaminD": 0,
    "vitaminE": 0,
    "vitaminK": 0,
    "magnesium": 24,
    "calcium": 25,
    "phosphorus": 59,
    "potassium": 212,
    "iron": 0.95,
    "selenium": 0.4,
    "zinc": 0.45,
    "manganese": 0.244,
    "copper": 0.093,
    "choline": 0
  },
  {
    "id": 706,
    "name": "Onions",
    "categoryId": 700,
    "energy": 40,
    "fat": 0.1,
    "saturatedFat": 0.042,
    "monounsaturatedFat": 0.013,
    "polyunsaturatedFat": 0.017,
    "carbs": 9.34,
    "sugar": 4.24,
    "fiber": 1.7,
    "protein": 1.1,
    "sodium": 4,
    "cholesterol": 0,
    "vitaminA": 0,
    "vitaminB1": 0.046,
    "vitaminB2": 0.027,
    "vitaminB3": 0.116,
    "vitaminB5": 0.123,
    "vitaminB6": 0.12,
    "vitaminB9": 19,
    "vitaminB12": 0,
    "vitaminC": 7.4,
    "vitaminD": 0,
    "vitaminE": 0.02,
    "vitaminK": 0.4,
    "magnesium": 10,
    "calcium": 23,
    "phosphorus": 29,
    "potassium": 146,
    "iron": 0.21,
    "selenium": 0.5,
    "zinc": 0.17,
    "manganese": 0.129,
    "copper": 0.039,
    "choline": 6.1,
    "volume": {
      "portionId": "cups",
      "weightInGrams": 160
    }
  },
  {
    "id": 707,
    "name": "Broccoli",
    "categoryId": 700,
    "energy": 34,
    "fat": 0.37,
    "saturatedFat": 0.114,
    "monounsaturatedFat": 0.031,
    "polyunsaturatedFat": 0.112,
    "carbs": 6.64,
    "sugar": 1.7,
    "fiber": 2.6,
    "protein": 2.82,
    "sodium": 33,
    "cholesterol": 0,
    "vitaminA": 31,
    "vitaminB1": 0.071,
    "vitaminB2": 0.117,
    "vitaminB3": 0.639,
    "vitaminB5": 0.573,
    "vitaminB6": 0.175,
    "vitaminB9": 63,
    "vitaminB12": 0,
    "vitaminC": 89.2,
    "vitaminD": 0,
    "vitaminE": 0.78,
    "vitaminK": 101.6,
    "magnesium": 21,
    "calcium": 47,
    "phosphorus": 66,
    "potassium": 316,
    "iron": 0.73,
    "selenium": 2.5,
    "zinc": 0.41,
    "manganese": 0.21,
    "copper": 0.049,
    "choline": 18.7,
    "volume": {
      "portionId": "cups",
      "weightInGrams": 44
    }
  },
  {
    "id": 708,
    "name": "Green Beans",
    "categoryId": 700,
    "energy": 31,
    "fat": 0.22,
    "saturatedFat": 0.05,
    "monounsaturatedFat": 0.01,
    "polyunsaturatedFat": 0.113,
    "carbs": 6.97,
    "sugar": 3.26,
    "fiber": 2.7,
    "protein": 1.83,
    "sodium": 6,
    "cholesterol": 0,
    "vitaminA": 35,
    "vitaminB1": 0.082,
    "vitaminB2": 0.104,
    "vitaminB3": 0.734,
    "vitaminB5": 0,
    "vitaminB6": 0.141,
    "vitaminB9": 33,
    "vitaminB12": 0,
    "vitaminC": 12.2,
    "vitaminD": 0,
    "vitaminE": 0.41,
    "vitaminK": 43,
    "magnesium": 25,
    "calcium": 37,
    "phosphorus": 38,
    "potassium": 211,
    "iron": 1.03,
    "selenium": 0.6,
    "zinc": 0.24,
    "manganese": 0,
    "copper": 0.069,
    "choline": 15.3
  },
  {
    "id": 709,
    "name": "Russet Potatoes",
    "categoryId": 700,
    "energy": 79,
    "fat": 0.08,
    "saturatedFat": 0.026,
    "monounsaturatedFat": 0.002,
    "polyunsaturatedFat": 0.043,
    "carbs": 18.07,
    "sugar": 0.62,
    "fiber": 1.3,
    "protein": 2.14,
    "sodium": 5,
    "cholesterol": 0,
    "vitaminA": 0,
    "vitaminB1": 0.082,
    "vitaminB2": 0.033,
    "vitaminB3": 1.035,
    "vitaminB5": 0.301,
    "vitaminB6": 0.345,
    "vitaminB9": 14,
    "vitaminB12": 0,
    "vitaminC": 5.7,
    "vitaminD": 0,
    "vitaminE": 0.01,
    "vitaminK": 1.8,
    "magnesium": 23,
    "calcium": 13,
    "phosphorus": 55,
    "potassium": 417,
    "iron": 0.86,
    "selenium": 0.4,
    "zinc": 0.29,
    "manganese": 0.157,
    "copper": 0.103,
    "choline": 12.6,
    "volume": {
      "portionId": "cups",
      "weightInGrams": 75
    }
  },
  {
    "id": 710,
    "name": "Spinach",
    "categoryId": 700,
    "energy": 23,
    "fat": 0.39,
    "saturatedFat": 0.063,
    "monounsaturatedFat": 0.01,
    "polyunsaturatedFat": 0.165,
    "carbs": 3.63,
    "sugar": 0.42,
    "fiber": 2.2,
    "protein": 2.86,
    "sodium": 79,
    "cholesterol": 0,
    "vitaminA": 469,
    "vitaminB1": 0.078,
    "vitaminB2": 0.189,
    "vitaminB3": 0.724,
    "vitaminB5": 0.065,
    "vitaminB6": 0.195,
    "vitaminB9": 194,
    "vitaminB12": 0,
    "vitaminC": 28.1,
    "vitaminD": 0,
    "vitaminE": 2.03,
    "vitaminK": 482.9,
    "magnesium": 79,
    "calcium": 99,
    "phosphorus": 49,
    "potassium": 558,
    "iron": 2.71,
    "selenium": 1,
    "zinc": 0.53,
    "manganese": 0.897,
    "copper": 0.13,
    "choline": 19.3,
    "volume": {
      "portionId": "cups",
      "weightInGrams": 30
    }
  },
  {
    "id": 711,
    "name": "Bell Peppers",
    "categoryId": 700,
    "energy": 18,
    "fat": 0,
    "saturatedFat": 0,
    "monounsaturatedFat": 0,
    "polyunsaturatedFat": 0,
    "carbs": 4.71,
    "sugar": 2.35,
    "fiber": 1.2,
    "protein": 1.18,
    "sodium": 0,
    "cholesterol": 0,
    "vitaminA": 0,
    "vitaminB1": 0,
    "vitaminB2": 0,
    "vitaminB3": 0,
    "vitaminB5": 0,
    "vitaminB6": 0,
    "vitaminB9": 0,
    "vitaminB12": 0,
    "vitaminC": 77.6,
    "vitaminD": 0,
    "vitaminE": 0,
    "vitaminK": 0,
    "magnesium": 0,
    "calcium": 0,
    "phosphorus": 0,
    "potassium": 0,
    "iron": 0.42,
    "selenium": 0,
    "zinc": 0,
    "manganese": 0,
    "copper": 0,
    "choline": 0
  },
  {
    "id": 712,
    "name": "Celery",
    "categoryId": 700,
    "energy": 14,
    "fat": 0.17,
    "saturatedFat": 0.042,
    "monounsaturatedFat": 0.032,
    "polyunsaturatedFat": 0.079,
    "carbs": 2.97,
    "sugar": 1.34,
    "fiber": 1.6,
    "protein": 0.69,
    "sodium": 80,
    "cholesterol": 0,
    "vitaminA": 22,
    "vitaminB1": 0.021,
    "vitaminB2": 0.057,
    "vitaminB3": 0.32,
    "vitaminB5": 0.246,
    "vitaminB6": 0.074,
    "vitaminB9": 36,
    "vitaminB12": 0,
    "vitaminC": 3.1,
    "vitaminD": 0,
    "vitaminE": 0.27,
    "vitaminK": 29.3,
    "magnesium": 11,
    "calcium": 40,
    "phosphorus": 24,
    "potassium": 260,
    "iron": 0.2,
    "selenium": 0.4,
    "zinc": 0.13,
    "manganese": 0.103,
    "copper": 0.035,
    "choline": 6.1,
    "volume": {
      "portionId": "tablespoons",
      "weightInGrams": 7.5
    }
  },
  {
    "id": 713,
    "name": "Cabbage",
    "categoryId": 700,
    "energy": 25,
    "fat": 0.1,
    "saturatedFat": 0.034,
    "monounsaturatedFat": 0.017,
    "polyunsaturatedFat": 0.017,
    "carbs": 5.8,
    "sugar": 3.2,
    "fiber": 2.5,
    "protein": 1.28,
    "sodium": 18,
    "cholesterol": 0,
    "vitaminA": 5,
    "vitaminB1": 0.061,
    "vitaminB2": 0.04,
    "vitaminB3": 0.234,
    "vitaminB5": 0.212,
    "vitaminB6": 0.124,
    "vitaminB9": 43,
    "vitaminB12": 0,
    "vitaminC": 36.6,
    "vitaminD": 0,
    "vitaminE": 0.15,
    "vitaminK": 76,
    "magnesium": 12,
    "calcium": 40,
    "phosphorus": 26,
    "potassium": 170,
    "iron": 0.47,
    "selenium": 0.3,
    "zinc": 0.18,
    "manganese": 0.16,
    "copper": 0.019,
    "choline": 10.7,
    "volume": {
      "portionId": "cups",
      "weightInGrams": 89
    }
  },
  {
    "id": 714,
    "name": "White Mushrooms",
    "categoryId": 700,
    "energy": 22,
    "fat": 0.34,
    "saturatedFat": 0.05,
    "monounsaturatedFat": 0,
    "polyunsaturatedFat": 0.16,
    "carbs": 3.26,
    "sugar": 1.98,
    "fiber": 1,
    "protein": 3.09,
    "sodium": 5,
    "cholesterol": 0,
    "vitaminA": 0,
    "vitaminB1": 0.081,
    "vitaminB2": 0.402,
    "vitaminB3": 3.607,
    "vitaminB5": 1.497,
    "vitaminB6": 0.104,
    "vitaminB9": 17,
    "vitaminB12": 0.04,
    "vitaminC": 2.1,
    "vitaminD": 0.2,
    "vitaminE": 0.01,
    "vitaminK": 0,
    "magnesium": 9,
    "calcium": 3,
    "phosphorus": 86,
    "potassium": 318,
    "iron": 0.5,
    "selenium": 9.3,
    "zinc": 0.52,
    "manganese": 0.047,
    "copper": 0.318,
    "choline": 17.3,
    "volume": {
      "portionId": "cups",
      "weightInGrams": 70
    }
  },
  {
    "id": 715,
    "name": "Cucumber (peeled)",
    "categoryId": 700,
    "energy": 10,
    "fat": 0.16,
    "saturatedFat": 0.078,
    "monounsaturatedFat": 0.01,
    "polyunsaturatedFat": 0.019,
    "carbs": 2.16,
    "sugar": 1.38,
    "fiber": 0.7,
    "protein": 0.59,
    "sodium": 2,
    "cholesterol": 0,
    "vitaminA": 4,
    "vitaminB1": 0.031,
    "vitaminB2": 0.025,
    "vitaminB3": 0.037,
    "vitaminB5": 0.24,
    "vitaminB6": 0.051,
    "vitaminB9": 14,
    "vitaminB12": 0,
    "vitaminC": 3.2,
    "vitaminD": 0,
    "vitaminE": 0.03,
    "vitaminK": 7.2,
    "magnesium": 12,
    "calcium": 14,
    "phosphorus": 21,
    "potassium": 136,
    "iron": 0.22,
    "selenium": 0.1,
    "zinc": 0.17,
    "manganese": 0.073,
    "copper": 0.071,
    "choline": 5.7,
    "volume": {
      "portionId": "cups",
      "weightInGrams": 119
    }
  },
  {
    "id": 716,
    "name": "Cucumber (with peel)",
    "categoryId": 700,
    "energy": 15,
    "fat": 0.11,
    "saturatedFat": 0.037,
    "monounsaturatedFat": 0.005,
    "polyunsaturatedFat": 0.032,
    "carbs": 3.63,
    "sugar": 1.67,
    "fiber": 0.5,
    "protein": 0.65,
    "sodium": 2,
    "cholesterol": 0,
    "vitaminA": 5,
    "vitaminB1": 0.027,
    "vitaminB2": 0.033,
    "vitaminB3": 0.098,
    "vitaminB5": 0.259,
    "vitaminB6": 0.04,
    "vitaminB9": 7,
    "vitaminB12": 0,
    "vitaminC": 2.8,
    "vitaminD": 0,
    "vitaminE": 0.03,
    "vitaminK": 16.4,
    "magnesium": 13,
    "calcium": 16,
    "phosphorus": 24,
    "potassium": 147,
    "iron": 0.28,
    "selenium": 0.3,
    "zinc": 0.2,
    "manganese": 0.079,
    "copper": 0.041,
    "choline": 6,
    "volume": {
      "portionId": "cups",
      "weightInGrams": 52
    }
  },
  {
    "id": 717,
    "name": "Eggplant",
    "categoryId": 700,
    "energy": 25,
    "fat": 0.18,
    "saturatedFat": 0.034,
    "monounsaturatedFat": 0.016,
    "polyunsaturatedFat": 0.076,
    "carbs": 5.88,
    "sugar": 3.53,
    "fiber": 3,
    "protein": 0.98,
    "sodium": 2,
    "cholesterol": 0,
    "vitaminA": 1,
    "vitaminB1": 0.039,
    "vitaminB2": 0.037,
    "vitaminB3": 0.649,
    "vitaminB5": 0.281,
    "vitaminB6": 0.084,
    "vitaminB9": 22,
    "vitaminB12": 0,
    "vitaminC": 2.2,
    "vitaminD": 0,
    "vitaminE": 0.3,
    "vitaminK": 3.5,
    "magnesium": 14,
    "calcium": 9,
    "phosphorus": 24,
    "potassium": 229,
    "iron": 0.23,
    "selenium": 0.3,
    "zinc": 0.16,
    "manganese": 0.232,
    "copper": 0.081,
    "choline": 6.9,
    "volume": {
      "portionId": "cups",
      "weightInGrams": 82
    }
  },
  {
    "id": 718,
    "name": "Peas",
    "categoryId": 700,
    "energy": 81,
    "fat": 0.4,
    "saturatedFat": 0.071,
    "monounsaturatedFat": 0.035,
    "polyunsaturatedFat": 0.187,
    "carbs": 14.45,
    "sugar": 5.67,
    "fiber": 5.7,
    "protein": 5.42,
    "sodium": 5,
    "cholesterol": 0,
    "vitaminA": 38,
    "vitaminB1": 0.266,
    "vitaminB2": 0.132,
    "vitaminB3": 2.09,
    "vitaminB5": 0.104,
    "vitaminB6": 0.169,
    "vitaminB9": 65,
    "vitaminB12": 0,
    "vitaminC": 40,
    "vitaminD": 0,
    "vitaminE": 0.13,
    "vitaminK": 24.8,
    "magnesium": 33,
    "calcium": 25,
    "phosphorus": 108,
    "potassium": 244,
    "iron": 1.47,
    "selenium": 1.8,
    "zinc": 1.24,
    "manganese": 0.41,
    "copper": 0.176,
    "choline": 28.4,
    "volume": {
      "portionId": "cups",
      "weightInGrams": 145
    }
  },
  {
    "id": 719,
    "name": "Butternut Squash",
    "categoryId": 700,
    "energy": 45,
    "fat": 0.1,
    "saturatedFat": 0.021,
    "monounsaturatedFat": 0.007,
    "polyunsaturatedFat": 0.042,
    "carbs": 11.69,
    "sugar": 2.2,
    "fiber": 2,
    "protein": 1,
    "sodium": 4,
    "cholesterol": 0,
    "vitaminA": 532,
    "vitaminB1": 0.1,
    "vitaminB2": 0.02,
    "vitaminB3": 1.2,
    "vitaminB5": 0.4,
    "vitaminB6": 0.154,
    "vitaminB9": 27,
    "vitaminB12": 0,
    "vitaminC": 21,
    "vitaminD": 0,
    "vitaminE": 1.44,
    "vitaminK": 1.1,
    "magnesium": 34,
    "calcium": 48,
    "phosphorus": 33,
    "potassium": 352,
    "iron": 0.7,
    "selenium": 0.5,
    "zinc": 0.15,
    "manganese": 0.202,
    "copper": 0.072,
    "choline": 0,
    "volume": {
      "portionId": "cups",
      "weightInGrams": 140
    }
  },
  {
    "id": 720,
    "name": "Sweet Potatoes",
    "categoryId": 700,
    "energy": 86,
    "fat": 0.05,
    "saturatedFat": 0.018,
    "monounsaturatedFat": 0.001,
    "polyunsaturatedFat": 0.014,
    "carbs": 20.12,
    "sugar": 4.18,
    "fiber": 3,
    "protein": 1.57,
    "sodium": 55,
    "cholesterol": 0,
    "vitaminA": 709,
    "vitaminB1": 0.078,
    "vitaminB2": 0.061,
    "vitaminB3": 0.557,
    "vitaminB5": 0.8,
    "vitaminB6": 0.209,
    "vitaminB9": 11,
    "vitaminB12": 0,
    "vitaminC": 2.4,
    "vitaminD": 0,
    "vitaminE": 0.26,
    "vitaminK": 1.8,
    "magnesium": 25,
    "calcium": 30,
    "phosphorus": 47,
    "potassium": 337,
    "iron": 0.61,
    "selenium": 0.6,
    "zinc": 0.3,
    "manganese": 0.258,
    "copper": 0.151,
    "choline": 12.3,
    "volume": {
      "portionId": "cups",
      "weightInGrams": 133
    }
  },
  {
    "id": 721,
    "name": "Zucchini",
    "categoryId": 700,
    "energy": 21,
    "fat": 0.4,
    "saturatedFat": 0.083,
    "monounsaturatedFat": 0.031,
    "polyunsaturatedFat": 0.169,
    "carbs": 3.11,
    "sugar": 0,
    "fiber": 1.1,
    "protein": 2.71,
    "sodium": 3,
    "cholesterol": 0,
    "vitaminA": 25,
    "vitaminB1": 0.042,
    "vitaminB2": 0.036,
    "vitaminB3": 0.705,
    "vitaminB5": 0.367,
    "vitaminB6": 0.142,
    "vitaminB9": 20,
    "vitaminB12": 0,
    "vitaminC": 34.1,
    "vitaminD": 0,
    "vitaminE": 0,
    "vitaminK": 0,
    "magnesium": 33,
    "calcium": 21,
    "phosphorus": 93,
    "potassium": 459,
    "iron": 0.79,
    "selenium": 0.3,
    "zinc": 0.83,
    "manganese": 0.196,
    "copper": 0.097,
    "choline": 0
  },
  {
    "id": 722,
    "name": "Cauliflower",
    "categoryId": 700,
    "energy": 25,
    "fat": 0.28,
    "saturatedFat": 0.13,
    "monounsaturatedFat": 0.034,
    "polyunsaturatedFat": 0.031,
    "carbs": 4.97,
    "sugar": 1.91,
    "fiber": 2,
    "protein": 1.92,
    "sodium": 30,
    "cholesterol": 0,
    "vitaminA": 0,
    "vitaminB1": 0.05,
    "vitaminB2": 0.06,
    "vitaminB3": 0.507,
    "vitaminB5": 0.667,
    "vitaminB6": 0.184,
    "vitaminB9": 57,
    "vitaminB12": 0,
    "vitaminC": 48.2,
    "vitaminD": 0,
    "vitaminE": 0.08,
    "vitaminK": 15.5,
    "magnesium": 15,
    "calcium": 22,
    "phosphorus": 44,
    "potassium": 299,
    "iron": 0.42,
    "selenium": 0.6,
    "zinc": 0.27,
    "manganese": 0.155,
    "copper": 0.039,
    "choline": 44.3,
    "volume": {
      "portionId": "cups",
      "weightInGrams": 107
    }
  },
  {
    "id": 723,
    "name": "Summer Squash",
    "categoryId": 700,
    "energy": 16,
    "fat": 0.18,
    "saturatedFat": 0.044,
    "monounsaturatedFat": 0.016,
    "polyunsaturatedFat": 0.089,
    "carbs": 3.35,
    "sugar": 2.2,
    "fiber": 1.1,
    "protein": 1.21,
    "sodium": 2,
    "cholesterol": 0,
    "vitaminA": 10,
    "vitaminB1": 0.048,
    "vitaminB2": 0.142,
    "vitaminB3": 0.487,
    "vitaminB5": 0.155,
    "vitaminB6": 0.218,
    "vitaminB9": 29,
    "vitaminB12": 0,
    "vitaminC": 17,
    "vitaminD": 0,
    "vitaminE": 0.12,
    "vitaminK": 3,
    "magnesium": 17,
    "calcium": 15,
    "phosphorus": 38,
    "potassium": 262,
    "iron": 0.35,
    "selenium": 0.2,
    "zinc": 0.29,
    "manganese": 0.175,
    "copper": 0.051,
    "choline": 6.7,
    "volume": {
      "portionId": "cups",
      "weightInGrams": 113
    }
  },
  {
    "id": 724,
    "name": "Asparagus",
    "categoryId": 700,
    "energy": 20,
    "fat": 0.12,
    "saturatedFat": 0.04,
    "monounsaturatedFat": 0,
    "polyunsaturatedFat": 0.05,
    "carbs": 3.88,
    "sugar": 1.88,
    "fiber": 2.1,
    "protein": 2.2,
    "sodium": 2,
    "cholesterol": 0,
    "vitaminA": 38,
    "vitaminB1": 0.143,
    "vitaminB2": 0.141,
    "vitaminB3": 0.978,
    "vitaminB5": 0.274,
    "vitaminB6": 0.091,
    "vitaminB9": 52,
    "vitaminB12": 0,
    "vitaminC": 5.6,
    "vitaminD": 0,
    "vitaminE": 1.13,
    "vitaminK": 41.6,
    "magnesium": 14,
    "calcium": 24,
    "phosphorus": 52,
    "potassium": 202,
    "iron": 2.14,
    "selenium": 2.3,
    "zinc": 0.54,
    "manganese": 0.158,
    "copper": 0.189,
    "choline": 16,
    "volume": {
      "portionId": "cups",
      "weightInGrams": 134
    }
  },
  {
    "id": 725,
    "name": "Shiitake Mushrooms",
    "categoryId": 700,
    "energy": 34,
    "fat": 0.49,
    "saturatedFat": 0,
    "monounsaturatedFat": 0,
    "polyunsaturatedFat": 0,
    "carbs": 6.79,
    "sugar": 2.38,
    "fiber": 2.5,
    "protein": 2.24,
    "sodium": 9,
    "cholesterol": 0,
    "vitaminA": 0,
    "vitaminB1": 0.015,
    "vitaminB2": 0.217,
    "vitaminB3": 3.877,
    "vitaminB5": 1.5,
    "vitaminB6": 0.293,
    "vitaminB9": 13,
    "vitaminB12": 0,
    "vitaminC": 0,
    "vitaminD": 0.4,
    "vitaminE": 0,
    "vitaminK": 0,
    "magnesium": 20,
    "calcium": 2,
    "phosphorus": 112,
    "potassium": 304,
    "iron": 0.41,
    "selenium": 5.7,
    "zinc": 1.03,
    "manganese": 0.23,
    "copper": 0.142,
    "choline": 0
  },
  {
    "id": 726,
    "name": "Jalapeño Peppers",
    "categoryId": 700,
    "energy": 29,
    "fat": 0.37,
    "saturatedFat": 0.092,
    "monounsaturatedFat": 0.029,
    "polyunsaturatedFat": 0.112,
    "carbs": 6.5,
    "sugar": 4.12,
    "fiber": 2.8,
    "protein": 0.91,
    "sodium": 3,
    "cholesterol": 0,
    "vitaminA": 54,
    "vitaminB1": 0.04,
    "vitaminB2": 0.07,
    "vitaminB3": 1.28,
    "vitaminB5": 0.315,
    "vitaminB6": 0.419,
    "vitaminB9": 27,
    "vitaminB12": 0,
    "vitaminC": 118.6,
    "vitaminD": 0,
    "vitaminE": 3.58,
    "vitaminK": 18.5,
    "magnesium": 15,
    "calcium": 12,
    "phosphorus": 26,
    "potassium": 248,
    "iron": 0.25,
    "selenium": 0.4,
    "zinc": 0.14,
    "manganese": 0.097,
    "copper": 0.046,
    "choline": 7.5,
    "volume": {
      "portionId": "cups",
      "weightInGrams": 90
    }
  },
  {
    "id": 727,
    "name": "Kale",
    "categoryId": 700,
    "energy": 35,
    "fat": 1.49,
    "saturatedFat": 0.178,
    "monounsaturatedFat": 0.104,
    "polyunsaturatedFat": 0.673,
    "carbs": 4.42,
    "sugar": 0.99,
    "fiber": 4.1,
    "protein": 2.92,
    "sodium": 53,
    "cholesterol": 0,
    "vitaminA": 241,
    "vitaminB1": 0.113,
    "vitaminB2": 0.347,
    "vitaminB3": 1.18,
    "vitaminB5": 0.37,
    "vitaminB6": 0.147,
    "vitaminB9": 62,
    "vitaminB12": 0,
    "vitaminC": 93.4,
    "vitaminD": 0,
    "vitaminE": 0.66,
    "vitaminK": 389.6,
    "magnesium": 33,
    "calcium": 254,
    "phosphorus": 55,
    "potassium": 348,
    "iron": 1.6,
    "selenium": 0.9,
    "zinc": 0.39,
    "manganese": 0.92,
    "copper": 0.053,
    "choline": 0.5,
    "volume": {
      "portionId": "cups",
      "weightInGrams": 21
    }
  },
  {
    "id": 728,
    "name": "Red Peppers",
    "categoryId": 700,
    "energy": 26,
    "fat": 0.3,
    "saturatedFat": 0.059,
    "monounsaturatedFat": 0.007,
    "polyunsaturatedFat": 0.156,
    "carbs": 6.03,
    "sugar": 4.2,
    "fiber": 2.1,
    "protein": 0.99,
    "sodium": 4,
    "cholesterol": 0,
    "vitaminA": 157,
    "vitaminB1": 0.054,
    "vitaminB2": 0.085,
    "vitaminB3": 0.979,
    "vitaminB5": 0.317,
    "vitaminB6": 0.291,
    "vitaminB9": 46,
    "vitaminB12": 0,
    "vitaminC": 127.7,
    "vitaminD": 0,
    "vitaminE": 1.58,
    "vitaminK": 4.9,
    "magnesium": 12,
    "calcium": 7,
    "phosphorus": 26,
    "potassium": 211,
    "iron": 0.43,
    "selenium": 0.1,
    "zinc": 0.25,
    "manganese": 0.112,
    "copper": 0.017,
    "choline": 5.6,
    "volume": {
      "portionId": "tablespoons",
      "weightInGrams": 9.3
    }
  },
  {
    "id": 729,
    "name": "Radishes",
    "categoryId": 700,
    "energy": 16,
    "fat": 0.1,
    "saturatedFat": 0.032,
    "monounsaturatedFat": 0.017,
    "polyunsaturatedFat": 0.048,
    "carbs": 3.4,
    "sugar": 1.86,
    "fiber": 1.6,
    "protein": 0.68,
    "sodium": 39,
    "cholesterol": 0,
    "vitaminA": 0,
    "vitaminB1": 0.012,
    "vitaminB2": 0.039,
    "vitaminB3": 0.254,
    "vitaminB5": 0.165,
    "vitaminB6": 0.071,
    "vitaminB9": 25,
    "vitaminB12": 0,
    "vitaminC": 14.8,
    "vitaminD": 0,
    "vitaminE": 0,
    "vitaminK": 1.3,
    "magnesium": 10,
    "calcium": 25,
    "phosphorus": 20,
    "potassium": 233,
    "iron": 0.34,
    "selenium": 0.6,
    "zinc": 0.28,
    "manganese": 0.069,
    "copper": 0.05,
    "choline": 6.5,
    "volume": {
      "portionId": "cups",
      "weightInGrams": 116
    }
  },
  {
    "id": 730,
    "name": "Artichokes",
    "categoryId": 700,
    "energy": 47,
    "fat": 0.15,
    "saturatedFat": 0.036,
    "monounsaturatedFat": 0.005,
    "polyunsaturatedFat": 0.064,
    "carbs": 10.51,
    "sugar": 0.99,
    "fiber": 5.4,
    "protein": 3.27,
    "sodium": 94,
    "cholesterol": 0,
    "vitaminA": 1,
    "vitaminB1": 0.072,
    "vitaminB2": 0.066,
    "vitaminB3": 1.046,
    "vitaminB5": 0.338,
    "vitaminB6": 0.116,
    "vitaminB9": 68,
    "vitaminB12": 0,
    "vitaminC": 11.7,
    "vitaminD": 0,
    "vitaminE": 0.19,
    "vitaminK": 14.8,
    "magnesium": 60,
    "calcium": 44,
    "phosphorus": 90,
    "potassium": 370,
    "iron": 1.28,
    "selenium": 0.2,
    "zinc": 0.49,
    "manganese": 0.256,
    "copper": 0.231,
    "choline": 34.4
  },
  {
    "id": 731,
    "name": "Chicory",
    "categoryId": 700,
    "energy": 23,
    "fat": 0.3,
    "saturatedFat": 0.073,
    "monounsaturatedFat": 0.006,
    "polyunsaturatedFat": 0.131,
    "carbs": 4.7,
    "sugar": 0.7,
    "fiber": 4,
    "protein": 1.7,
    "sodium": 45,
    "cholesterol": 0,
    "vitaminA": 286,
    "vitaminB1": 0.06,
    "vitaminB2": 0.1,
    "vitaminB3": 0.5,
    "vitaminB5": 1.159,
    "vitaminB6": 0.105,
    "vitaminB9": 110,
    "vitaminB12": 0,
    "vitaminC": 24,
    "vitaminD": 0,
    "vitaminE": 2.26,
    "vitaminK": 297.6,
    "magnesium": 30,
    "calcium": 100,
    "phosphorus": 47,
    "potassium": 420,
    "iron": 0.9,
    "selenium": 0.3,
    "zinc": 0.42,
    "manganese": 0.429,
    "copper": 0.295,
    "choline": 12.8,
    "volume": {
      "portionId": "cups",
      "weightInGrams": 29
    }
  },
  {
    "id": 732,
    "name": "Arugula",
    "categoryId": 700,
    "energy": 25,
    "fat": 0.66,
    "saturatedFat": 0.086,
    "monounsaturatedFat": 0.049,
    "polyunsaturatedFat": 0.319,
    "carbs": 3.65,
    "sugar": 2.05,
    "fiber": 1.6,
    "protein": 2.58,
    "sodium": 27,
    "cholesterol": 0,
    "vitaminA": 119,
    "vitaminB1": 0.044,
    "vitaminB2": 0.086,
    "vitaminB3": 0.305,
    "vitaminB5": 0.437,
    "vitaminB6": 0.073,
    "vitaminB9": 97,
    "vitaminB12": 0,
    "vitaminC": 15,
    "vitaminD": 0,
    "vitaminE": 0.43,
    "vitaminK": 108.6,
    "magnesium": 47,
    "calcium": 160,
    "phosphorus": 52,
    "potassium": 369,
    "iron": 1.46,
    "selenium": 0.3,
    "zinc": 0.47,
    "manganese": 0.321,
    "copper": 0.076,
    "choline": 15.3,
    "volume": {
      "portionId": "cups",
      "weightInGrams": 10
    }
  },
  {
    "id": 733,
    "name": "Pumpkin",
    "categoryId": 700,
    "energy": 26,
    "fat": 0.1,
    "saturatedFat": 0.052,
    "monounsaturatedFat": 0.013,
    "polyunsaturatedFat": 0.005,
    "carbs": 6.5,
    "sugar": 2.76,
    "fiber": 0.5,
    "protein": 1,
    "sodium": 1,
    "cholesterol": 0,
    "vitaminA": 426,
    "vitaminB1": 0.05,
    "vitaminB2": 0.11,
    "vitaminB3": 0.6,
    "vitaminB5": 0.298,
    "vitaminB6": 0.061,
    "vitaminB9": 16,
    "vitaminB12": 0,
    "vitaminC": 9,
    "vitaminD": 0,
    "vitaminE": 1.06,
    "vitaminK": 1.1,
    "magnesium": 12,
    "calcium": 21, 
    "phosphorus": 44,
    "potassium": 340,
    "iron": 0.8,
    "selenium": 0.3,
    "zinc": 0.32,
    "manganese": 0.125,
    "copper": 0.127,
    "choline": 8.2,
    "volume": {
      "portionId": "cups",
      "weightInGrams": 116
    }
  },
  {
    "id": 734,
    "name": "Turnips",
    "categoryId": 700,
    "energy": 28,
    "fat": 0.1,
    "saturatedFat": 0.011,
    "monounsaturatedFat": 0.006,
    "polyunsaturatedFat": 0.053,
    "carbs": 6.43,
    "sugar": 3.8,
    "fiber": 1.8,
    "protein": 0.9,
    "sodium": 67,
    "cholesterol": 0,
    "vitaminA": 0,
    "vitaminB1": 0.04,
    "vitaminB2": 0.03,
    "vitaminB3": 0.4,
    "vitaminB5": 0.2,
    "vitaminB6": 0.09,
    "vitaminB9": 15,
    "vitaminB12": 0,
    "vitaminC": 21,
    "vitaminD": 0,
    "vitaminE": 0.03,
    "vitaminK": 0.1,
    "magnesium": 11,
    "calcium": 30,
    "phosphorus": 27,
    "potassium": 191,
    "iron": 0.3,
    "selenium": 0.7,
    "zinc": 0.27,
    "manganese": 0.134,
    "copper": 0.085,
    "choline": 11.1,
    "volume": {
      "portionId": "cups",
      "weightInGrams": 130
    }
  },
  {
    "id": 735,
    "name": "Scallions",
    "categoryId": 700,
    "energy": 32,
    "fat": 0.19,
    "saturatedFat": 0.032,
    "monounsaturatedFat": 0.027,
    "polyunsaturatedFat": 0.074,
    "carbs": 7.34,
    "sugar": 2.33,
    "fiber": 2.6,
    "protein": 1.83,
    "sodium": 16,
    "cholesterol": 0,
    "vitaminA": 50,
    "vitaminB1": 0.055,
    "vitaminB2": 0.08,
    "vitaminB3": 0.525,
    "vitaminB5": 0.075,
    "vitaminB6": 0.061,
    "vitaminB9": 64,
    "vitaminB12": 0,
    "vitaminC": 18.8,
    "vitaminD": 0,
    "vitaminE": 0.55,
    "vitaminK": 207,
    "magnesium": 20,
    "calcium": 72,
    "phosphorus": 37,
    "potassium": 276,
    "iron": 1.48,
    "selenium": 0.6,
    "zinc": 0.39,
    "manganese": 0.16,
    "copper": 0.083,
    "choline": 5.7,
    "volume": {
      "portionId": "tablespoons",
      "weightInGrams": 6
    }
  },
  {
    "id": 736,
    "name": "Iceberg Lettuce",
    "categoryId": 700,
    "energy": 14,
    "fat": 0.14,
    "saturatedFat": 0.018,
    "monounsaturatedFat": 0.006,
    "polyunsaturatedFat": 0.074,
    "carbs": 2.97,
    "sugar": 1.97,
    "fiber": 1.2,
    "protein": 0.9,
    "sodium": 10,
    "cholesterol": 0,
    "vitaminA": 25,
    "vitaminB1": 0.041,
    "vitaminB2": 0.025,
    "vitaminB3": 0.123,
    "vitaminB5": 0.091,
    "vitaminB6": 0.042,
    "vitaminB9": 29,
    "vitaminB12": 0,
    "vitaminC": 2.8,
    "vitaminD": 0,
    "vitaminE": 0.18,
    "vitaminK": 24.1,
    "magnesium": 7,
    "calcium": 18,
    "phosphorus": 20,
    "potassium": 141,
    "iron": 0.41,
    "selenium": 0.1,
    "zinc": 0.15,
    "manganese": 0.125,
    "copper": 0.025,
    "choline": 6.7,
    "volume": {
      "portionId": "cups",
      "weightInGrams": 57
    }
  },
  {
    "id": 737,
    "name": "Ginger Root",
    "categoryId": 700,
    "energy": 80,
    "fat": 0.75,
    "saturatedFat": 0.203,
    "monounsaturatedFat": 0.154,
    "polyunsaturatedFat": 0.154,
    "carbs": 17.77,
    "sugar": 1.7,
    "fiber": 2,
    "protein": 1.82,
    "sodium": 13,
    "cholesterol": 0,
    "vitaminA": 0,
    "vitaminB1": 0.025,
    "vitaminB2": 0.034,
    "vitaminB3": 0.75,
    "vitaminB5": 0.203,
    "vitaminB6": 0.16,
    "vitaminB9": 11,
    "vitaminB12": 0,
    "vitaminC": 5,
    "vitaminD": 0,
    "vitaminE": 0.26,
    "vitaminK": 0.1,
    "magnesium": 43,
    "calcium": 16,
    "phosphorus": 34,
    "potassium": 415,
    "iron": 0.6,
    "selenium": 0.7,
    "zinc": 0.34,
    "manganese": 0.229,
    "copper": 0.226,
    "choline": 28.8,
    "volume": {
      "portionId": "cups",
      "weightInGrams": 24
    }
  },
  {
    "id": 738,
    "name": "Red Potatoes",
    "categoryId": 700,
    "energy": 70,
    "fat": 0.14,
    "saturatedFat": 0.035,
    "monounsaturatedFat": 0.003,
    "polyunsaturatedFat": 0.059,
    "carbs": 15.9,
    "sugar": 1.29,
    "fiber": 1.7,
    "protein": 1.89,
    "sodium": 18,
    "cholesterol": 0,
    "vitaminA": 0,
    "vitaminB1": 0.081,
    "vitaminB2": 0.031,
    "vitaminB3": 1.149,
    "vitaminB5": 0.279,
    "vitaminB6": 0.17,
    "vitaminB9": 18,
    "vitaminB12": 0,
    "vitaminC": 8.6,
    "vitaminD": 0,
    "vitaminE": 0.01,
    "vitaminK": 2.9,
    "magnesium": 22,
    "calcium": 10,
    "phosphorus": 61,
    "potassium": 455,
    "iron": 0.73,
    "selenium": 0.5,
    "zinc": 0.33,
    "manganese": 0.141,
    "copper": 0.134,
    "choline": 16.4,
    "volume": {
      "portionId": "cups",
      "weightInGrams": 75
    }
  },
  {
    "id": 739,
    "name": "Veggie Burger",
    "categoryId": 700,
    "energy": 177,
    "fat": 6.3,
    "saturatedFat": 1.44,
    "monounsaturatedFat": 1.778,
    "polyunsaturatedFat": 2.023,
    "carbs": 14.27,
    "sugar": 1.07,
    "fiber": 4.9,
    "protein": 15.7,
    "sodium": 569,
    "cholesterol": 5,
    "vitaminA": 1,
    "vitaminB1": 2.651,
    "vitaminB2": 0.244,
    "vitaminB3": 3.753,
    "vitaminB5": 0,
    "vitaminB6": 0.303,
    "vitaminB9": 124,
    "vitaminB12": 2.01,
    "vitaminC": 4.5,
    "vitaminD": 0,
    "vitaminE": 0.23,
    "vitaminK": 4.2,
    "magnesium": 56,
    "calcium": 136,
    "phosphorus": 206,
    "potassium": 333,
    "iron": 2.41,
    "selenium": 22.6,
    "zinc": 1.26,
    "manganese": 0,
    "copper": 0.2,
    "choline": 19.4
  },
  {
    "id": 740,
    "name": "Pumpkin (canned)",
    "categoryId": 700,
    "energy": 34,
    "fat": 0.28,
    "saturatedFat": 0.146,
    "monounsaturatedFat": 0.037,
    "polyunsaturatedFat": 0.015,
    "carbs": 8.09,
    "sugar": 3.3,
    "fiber": 2.9,
    "protein": 1.1,
    "sodium": 241,
    "cholesterol": 0,
    "vitaminA": 778,
    "vitaminB1": 0.024,
    "vitaminB2": 0.054,
    "vitaminB3": 0.367,
    "vitaminB5": 0.4,
    "vitaminB6": 0.056,
    "vitaminB9": 12,
    "vitaminB12": 0,
    "vitaminC": 4.2,
    "vitaminD": 0,
    "vitaminE": 1.06,
    "vitaminK": 16,
    "magnesium": 23,
    "calcium": 26,
    "phosphorus": 35,
    "potassium": 206,
    "iron": 1.39,
    "selenium": 0.4,
    "zinc": 0.17,
    "manganese": 0.149,
    "copper": 0.107,
    "choline": 9.8,
    "volume": {
      "portionId": "cups",
      "weightInGrams": 245
    }
  },
  {
    "id": 741,
    "name": "Chives",
    "categoryId": 700,
    "energy": 30,
    "fat": 0.73,
    "saturatedFat": 0.146,
    "monounsaturatedFat": 0.095,
    "polyunsaturatedFat": 0.267,
    "carbs": 4.35,
    "sugar": 1.85,
    "fiber": 2.5,
    "protein": 3.27,
    "sodium": 3,
    "cholesterol": 0,
    "vitaminA": 218,
    "vitaminB1": 0.078,
    "vitaminB2": 0.115,
    "vitaminB3": 0.647,
    "vitaminB5": 0.324,
    "vitaminB6": 0.138,
    "vitaminB9": 105,
    "vitaminB12": 0,
    "vitaminC": 58.1,
    "vitaminD": 0,
    "vitaminE": 0.21,
    "vitaminK": 212.7,
    "magnesium": 42,
    "calcium": 92,
    "phosphorus": 58,
    "potassium": 296,
    "iron": 1.6,
    "selenium": 0.9,
    "zinc": 0.56,
    "manganese": 0.373,
    "copper": 0.157,
    "choline": 5.2,
    "volume": {
      "portionId": "teaspoons",
      "weightInGrams": 1
    }
  },
  {
    "id": 742,
    "name": "White Potatoes",
    "categoryId": 700,
    "energy": 69,
    "fat": 0.1,
    "saturatedFat": 0.026,
    "monounsaturatedFat": 0.002,
    "polyunsaturatedFat": 0.043,
    "carbs": 15.71,
    "sugar": 1.15,
    "fiber": 2.4,
    "protein": 1.68,
    "sodium": 16,
    "cholesterol": 0,
    "vitaminA": 0,
    "vitaminB1": 0.071,
    "vitaminB2": 0.034,
    "vitaminB3": 1.066,
    "vitaminB5": 0.281,
    "vitaminB6": 0.203,
    "vitaminB9": 18,
    "vitaminB12": 0,
    "vitaminC": 9.1,
    "vitaminD": 0,
    "vitaminE": 0.01,
    "vitaminK": 1.6,
    "magnesium": 21,
    "calcium": 9,
    "phosphorus": 62,
    "potassium": 407,
    "iron": 0.52,
    "selenium": 0.3,
    "zinc": 0.29,
    "manganese": 0.145,
    "copper": 0.116,
    "choline": 11,
    "volume": {
      "portionId": "cups",
      "weightInGrams": 75
    }
  }
]